subject,activity,n_windows,energy,split
1,1,95,0.11056947509378993,train
1,2,53,0.10659678756742982,train
1,3,49,0.1622573701702304,train
1,4,47,0.0030641707219801573,train
1,5,53,0.00020970087338585306,train
1,6,50,0.018440293048467296,train
3,1,58,0.08300924887172298,train
3,2,59,0.09613107093939675,train
3,3,49,0.13994580193303974,train
3,4,52,0.006553173076867465,train
3,5,61,0.0021650358845885466,train
3,6,62,0.0004748967682026498,train
5,1,56,0.09985418493977385,train
5,2,47,0.15619442986618373,train
5,3,47,0.22541943392772987,train
5,4,44,0.0021540589375325884,train
5,5,56,0.004125991005745397,train
5,6,52,0.0008494482750009163,train
6,1,57,0.1022880989925818,train
6,2,51,0.15300897739971164,train
6,3,48,0.27581984051500524,train
6,4,55,0.0011937763496785315,train
6,5,57,0.0011486786150581565,train
6,6,57,0.006450033656518279,train
7,1,57,0.12067804332982418,train
7,2,51,0.09334421966178214,train
7,3,47,0.177838455550385,train
7,4,48,0.005261979019122866,train
7,5,53,0.0014559731840395795,train
7,6,52,0.0037031163295609374,train
8,1,48,0.15657553495273815,train
8,2,41,0.17031928296643994,train
8,3,38,0.2094239282233369,train
8,4,46,0.0028499278588043435,train
8,5,54,0.0026515358610487696,train
8,6,54,0.00417835213516022,train
11,1,59,0.07064425922542632,train
11,2,54,0.1077216314626038,train
11,3,46,0.1894582788289426,train
11,4,53,0.001235785645481969,train
11,5,47,0.00018054620290397912,train
11,6,57,0.0003650131084040217,train
14,1,59,0.10224238092145121,train
14,2,54,0.1883358315574309,train
14,3,45,0.2388167114473538,train
14,4,54,0.002783829685456215,train
14,5,60,0.0013786676752425516,train
14,6,51,0.012098367962203385,train
15,1,54,0.09604387549800812,train
15,2,48,0.14495331126167013,train
15,3,42,0.2698403539432763,train
15,4,59,0.002357598372031877,train
15,5,53,0.0008908792552788071,train
15,6,72,0.0015021768348970042,train
16,1,51,0.07606422361574029,train
16,2,51,0.08616894078522701,train
16,3,47,0.21307646856593343,train
16,4,69,0.0021922786900145275,train
16,5,78,0.0009079868372619052,train
16,6,70,0.0007465849223026712,train
17,1,61,0.09656895742217748,train
17,2,48,0.1445295485034597,train
17,3,46,0.19904925265622947,train
17,4,64,0.0007174056779446924,train
17,5,78,0.0004825861896342992,train
17,6,71,0.001273064606197921,train
19,1,52,0.16446950691132575,train
19,2,40,0.14775087156815397,train
19,3,39,0.3918374362939181,train
19,4,73,0.0007761856289593128,train
19,5,73,0.0006215953468020195,train
19,6,83,0.000530561267990406,train
21,1,52,0.10964095647112139,train
21,2,47,0.11954147307428055,train
21,3,45,0.23964407287430667,train
21,4,85,0.0005522005843413712,train
21,5,89,0.0008677188487246467,train
21,6,90,0.0015039067625981406,train
22,1,46,0.1612452380335152,train
22,2,42,0.19853983939549816,train
22,3,36,0.2542694085228189,train
22,4,62,0.0023771627587935674,train
22,5,63,0.0008392957891158225,train
22,6,72,0.0035641390994550584,train
23,1,59,0.11936092966730123,train
23,2,51,0.13562730550719357,train
23,3,54,0.20511154037111595,train
23,4,68,0.0026028368609729764,train
23,5,68,0.0007099850757603415,train
23,6,72,0.0007792570359257821,train
25,1,74,0.049731762157709664,train
25,2,65,0.06794050508802826,train
25,3,58,0.09298218228794707,train
25,4,65,0.0010809350939150455,train
25,5,74,0.0006212348419539586,train
25,6,73,0.05405591318728526,train
26,1,59,0.08494975581219243,train
26,2,55,0.1131053799306058,train
26,3,50,0.1941050815054744,train
26,4,78,0.0032491676173212426,train
26,5,74,0.0006172319612158967,train
26,6,76,0.0008991951385591632,train
27,1,57,0.08187596941787445,train
27,2,51,0.09775619142985342,train
27,3,44,0.19042346220492,train
27,4,70,0.0006077732924038194,train
27,5,80,0.0005802763378127044,train
27,6,74,0.0003221188246788659,train
28,1,54,0.09408691627923019,train
28,2,51,0.10141886387721297,train
28,3,46,0.19166259121157253,train
28,4,72,0.0008125174882583243,train
28,5,79,0.001965953974958968,train
28,6,80,0.0008701864136572748,train
29,1,53,0.11684949484109447,train
29,2,49,0.15342526541762486,train
29,3,48,0.1896861526656226,train
29,4,60,0.0005851195361584994,train
29,5,65,0.00016016617084290734,train
29,6,69,0.0003153157477407155,train
30,1,65,0.09244763697501156,train
30,2,65,0.10574239902345493,train
30,3,62,0.14689178750104065,train
30,4,62,0.0021059725839502183,train
30,5,59,0.0017417678568676682,train
30,6,70,0.0006253097767759971,train
2,1,59,0.07252686271820223,test
2,2,48,0.1174023030862087,test
2,3,47,0.1937011201125082,test
2,4,46,0.0011461864757950702,test
2,5,54,0.0006386936150300447,test
2,6,48,0.0003898341640696797,test
4,1,60,0.06513919374000775,test
4,2,52,0.10786253095242052,test
4,3,45,0.13960512186819837,test
4,4,50,0.0027156595399112364,test
4,5,56,0.004324945961450251,test
4,6,54,0.002449436876236979,test
9,1,52,0.1112944286884001,test
9,2,49,0.07958676308023489,test
9,3,42,0.21238859429264897,test
9,4,50,0.007852914961450698,test
9,5,45,0.001461054185780038,test
9,6,50,0.0026388702981058948,test
10,1,53,0.11431942618494333,test
10,2,47,0.13529132715847858,test
10,3,38,0.23220429955849148,test
10,4,54,0.001980595247505306,test
10,5,44,0.0010122391059012889,test
10,6,58,0.0027810897176789844,test
12,1,50,0.11704029930889658,test
12,2,52,0.0892784138062476,test
12,3,46,0.16790808097072843,test
12,4,51,0.0008458157906549106,test
12,5,61,0.0017656440644395375,test
12,6,60,0.002174093069732445,test
13,1,57,0.10729891324843929,test
13,2,55,0.11324163291463851,test
13,3,47,0.14815625607538932,test
13,4,49,0.0029569372615369186,test
13,5,57,0.00040134114812544793,test
13,6,62,0.0010496794542623478,test
18,1,56,0.07143767992969106,test
18,2,58,0.0763370093504488,test
18,3,55,0.08109710452740741,test
18,4,57,0.00023447655232670828,test
18,5,73,0.000311841097914749,test
18,6,65,0.00012170879279102302,test
20,1,51,0.1547519770830161,test
20,2,51,0.14492775694355267,test
20,3,45,0.2259093845140566,test
20,4,66,0.001524872200396027,test
20,5,73,0.0019591604512625106,test
20,6,68,0.0030621338289140024,test
24,1,58,0.0686551326220687,test
24,2,59,0.08856429005454748,test
24,3,55,0.13574924628519455,test
24,4,68,0.0005713225379555953,test
24,5,69,0.000936323049365042,test
24,6,72,0.0005059552041950927,test
