delta,first_method,second_method,metric,mean_difference,mc_low,mc_high,replications,bootstrap_replications
0.0,Adaptive PH,Mean,paired_Frobenius_error_difference,-0.00033710537055706917,-0.0006661554483788879,-1.6257470993308184e-05,500,2000
0.0,Adaptive PH,Mean,paired_squared_Frobenius_error_difference,-0.0002247175936188484,-0.00042533364388142514,-3.212177164908892e-05,500,2000
0.0,Adaptive PH,GMed,paired_Frobenius_error_difference,-0.003429457755717449,-0.004419538299995582,-0.0024075267664236412,500,2000
0.0,Adaptive PH,GMed,paired_squared_Frobenius_error_difference,-0.001943925781135589,-0.002526699488296497,-0.0013409865278599356,500,2000
0.0,GMed,Mean,paired_Frobenius_error_difference,0.00309235238516038,0.0017525446889466844,0.004382348339494563,500,2000
0.0,GMed,Mean,paired_squared_Frobenius_error_difference,0.0017192081875167405,0.0009057930461229377,0.0024873664185571394,500,2000
8.0,Adaptive PH,Mean,paired_Frobenius_error_difference,-0.4990532938057294,-0.5080774595704468,-0.49007581001144646,500,2000
8.0,Adaptive PH,Mean,paired_squared_Frobenius_error_difference,-0.8017633998009335,-0.8220744634583659,-0.7816950775230564,500,2000
8.0,Adaptive PH,GMed,paired_Frobenius_error_difference,0.17371427140611775,0.17107317022119856,0.17630639360218991,500,2000
8.0,Adaptive PH,GMed,paired_squared_Frobenius_error_difference,0.15992513039504067,0.15625803031897761,0.16363840816696637,500,2000
8.0,GMed,Mean,paired_Frobenius_error_difference,-0.6727675652118471,-0.6828459976393441,-0.6626871286513992,500,2000
8.0,GMed,Mean,paired_squared_Frobenius_error_difference,-0.9616885301959741,-0.9838832465025291,-0.9401334411669312,500,2000
32.0,Adaptive PH,Mean,paired_Frobenius_error_difference,-3.3998088501925623,-3.4335330041809975,-3.3666972687874472,500,2000
32.0,Adaptive PH,Mean,paired_squared_Frobenius_error_difference,-15.767274305906064,-16.03911772218324,-15.496521251039209,500,2000
32.0,Adaptive PH,GMed,paired_Frobenius_error_difference,0.22007877067656859,0.21720987792901583,0.22281647188663936,500,2000
32.0,Adaptive PH,GMed,paired_squared_Frobenius_error_difference,0.2166799319456192,0.21226596233361886,0.22125382429017584,500,2000
32.0,GMed,Mean,paired_Frobenius_error_difference,-3.61988762086913,-3.653941586467147,-3.5869063865521342,500,2000
32.0,GMed,Mean,paired_squared_Frobenius_error_difference,-15.98395423785168,-16.25840322042591,-15.713846118333404,500,2000
