delta,method,replications,mean_frobenius_error,mean_error_mc_low,mean_error_mc_high,mse,mse_mc_low,mse_mc_high,rmse,rmse_mc_low,rmse_mc_high,q95_error,q95_mc_low,q95_mc_high,mean_shift_from_own_clean,min_eigenvalue,max_score_norm,max_certificate,max_preliminary_gap,solver_failures,preliminary_failures,psd_failures,bootstrap_replications
0.0,Adaptive PH,500,0.2841538415243302,0.28009355098594635,0.2884544937689327,0.08289941517044054,0.08048837703610502,0.0854717679344899,0.28792258537745963,0.28370473565028353,0.2923555505410993,0.36801595392075565,0.3597545297214913,0.3794051273255392,0.0,0.1915326014888872,1.720802034804906e-12,1.6856485454317804e-11,3.1455409640210806e-10,0,0,0,2000
0.0,GMed,500,0.2875832992800477,0.28353703786312373,0.2917079109054696,0.08484334095157613,0.08243505806961648,0.08732911827703665,0.2912788027845077,0.2871150606762625,0.2955150051436411,0.37132781264182,0.36180272173121,0.37996171751639585,0.0,0.19180159524386164,9.961682009113272e-11,,3.1455409640210806e-10,0,0,0,2000
0.0,Mean,500,0.2844909468948873,0.28034666871560165,0.2888228125753697,0.08312413276405939,0.08070225286140006,0.08574408974953554,0.2883125608849871,0.2840814194227656,0.2928209175390228,0.36713386467063314,0.3608519220530644,0.3814179089413568,0.0,0.19141916026110423,0.0,0.0,3.1455409640210806e-10,0,0,0,2000
8.0,Adaptive PH,500,0.542677053098745,0.5363818424680077,0.5494048743048853,0.29975118250137245,0.29285897173106173,0.307136580819305,0.547495372127813,0.5411644590426131,0.5541990443982682,0.661048978540925,0.6484411976041007,0.675668568648364,0.46395577544269606,0.19098526449735606,5.206021570845866e-15,2.073562708858553e-12,1.2969244508598938e-09,0,0,0,2000
8.0,GMed,500,0.36896278169262725,0.36384852383724425,0.3745463607604774,0.1398260521063318,0.13591244962668603,0.1441058437163765,0.3739332187788774,0.3686630570376562,0.3796127547251288,0.4772163471163659,0.4657601576838533,0.4915102174140767,0.2408660139708224,0.19071536691029484,9.996269119253305e-11,,1.2969244508598938e-09,0,0,0,2000
8.0,Mean,500,1.041730346904474,1.030639238711558,1.0526140584486403,1.101514582302306,1.0780469075814516,1.1247800307777067,1.0495306485769276,1.0382903772371348,1.0605564721863172,1.2650430780508135,1.2304978273912457,1.291976701376859,1.0000752981164636,0.19138573124817923,0.0,0.0,1.2969244508598938e-09,0,0,0,2000
32.0,Adaptive PH,500,0.5982338478056727,0.5917264797699691,0.6050837489975168,0.3634814443061104,0.3557715891195323,0.37174982777965165,0.6028942231487298,0.5964659160956532,0.6097129060180028,0.7217163031251174,0.7064384800600279,0.7409173557509842,0.5278688641191752,0.18984200066655527,3.428395200383786e-14,7.163983929072039e-10,4.311448478506486e-09,0,0,0,2000
32.0,GMed,500,0.3781550771291041,0.37276969344182104,0.3838347643886762,0.1468015123604912,0.14269026974017238,0.15125242510624634,0.3831468548226531,0.3777436559124044,0.3889118474746061,0.48889404209007054,0.4755859942233909,0.502657315637027,0.2548645138352862,0.19016612683991377,9.98463122299505e-11,,4.311448478506486e-09,0,0,0,2000
32.0,Mean,500,3.998042697998235,3.964673476076363,4.032241528026344,16.130755750212174,15.86090295467043,16.40725327235871,4.016311211822631,3.9825749149145366,4.050586781199846,4.636235850561172,4.567951026467452,4.705135421806989,3.985240856282107,0.19136154052866167,0.0,0.0,4.311448478506486e-09,0,0,0,2000
