spectrum,distribution,a,k,m,n,contrast,coverage,mc_low,mc_high,reps,mean_length,mean_norm_error,solver_failures,covariance_failures,certificate_failures
concentrated,exponential,4,16,256,4096,evening_minus_morning,0.918,0.8906451408426114,0.9389809105315311,500,0.021100170670007894,0.013426488837117776,0,0,0
concentrated,exponential,4,16,256,4096,interval_average,0.934,0.9087605988391466,0.9526214736402262,500,0.0583317146248298,0.013426488837117776,0,0,0
concentrated,exponential,4,16,256,4096,smoothed_evaluation,0.93,0.9042028101480832,0.949240257054982,500,0.058089553144535,0.013426488837117776,0,0,0
concentrated,exponential,5,32,1024,32768,evening_minus_morning,0.936,0.911047591162316,0.9543039839552107,500,0.007677730743306583,0.005188150372347852,0,0,0
concentrated,exponential,5,32,1024,32768,interval_average,0.932,0.9064790772661258,0.9509334925750932,500,0.021261936767709124,0.005188150372347852,0,0,0
concentrated,exponential,5,32,1024,32768,smoothed_evaluation,0.912,0.8839235279346099,0.9337940155250711,500,0.02109985302928338,0.005188150372347852,0,0,0
concentrated,exponential,6,64,4096,262144,evening_minus_morning,0.936,0.911047591162316,0.9543039839552107,500,0.0027152929438615655,0.001749426742175524,0,0,0
concentrated,exponential,6,64,4096,262144,interval_average,0.936,0.911047591162316,0.9543039839552107,500,0.007549245599933049,0.001749426742175524,0,0,0
concentrated,exponential,6,64,4096,262144,smoothed_evaluation,0.946,0.9225734384893529,0.9626256498189425,500,0.007524397647461198,0.001749426742175524,0,0,0
concentrated,gaussian,4,16,256,4096,evening_minus_morning,0.91,0.8816905887106666,0.9320574521108606,500,0.02121869639507175,0.01322990990961301,0,0,0
concentrated,gaussian,4,16,256,4096,interval_average,0.954,0.9319222072317267,0.9691548916291838,500,0.05949217073183206,0.01322990990961301,0,0,0
concentrated,gaussian,4,16,256,4096,smoothed_evaluation,0.944,0.920255206353293,0.9609743793168485,500,0.05913315435595733,0.01322990990961301,0,0,0
concentrated,gaussian,5,32,1024,32768,evening_minus_morning,0.942,0.917943812143745,0.9593162708882429,500,0.00767950993660892,0.004825926207831801,0,0,0
concentrated,gaussian,5,32,1024,32768,interval_average,0.94,0.9156389368747802,0.9576516435190539,500,0.02097118144692311,0.004825926207831801,0,0,0
concentrated,gaussian,5,32,1024,32768,smoothed_evaluation,0.94,0.9156389368747802,0.9576516435190539,500,0.020939520706341662,0.004825926207831801,0,0,0
concentrated,gaussian,6,64,4096,262144,evening_minus_morning,0.942,0.917943812143745,0.9593162708882429,500,0.0027169503338467607,0.0018504279767169154,0,0,0
concentrated,gaussian,6,64,4096,262144,interval_average,0.916,0.888400685539819,0.9372558631961696,500,0.007551576904916788,0.0018504279767169154,0,0,0
concentrated,gaussian,6,64,4096,262144,smoothed_evaluation,0.924,0.8974035863260316,0.9441309729625723,500,0.007535659244078106,0.0018504279767169154,0,0,0
diffuse,exponential,4,16,256,4096,evening_minus_morning,0.928,0.9019315959830375,0.9475419685818739,500,0.04549705754933262,0.015118358750480662,0,0,0
diffuse,exponential,4,16,256,4096,interval_average,0.94,0.9156389368747802,0.9576516435190539,500,0.024192243131974035,0.015118358750480662,0,0,0
diffuse,exponential,4,16,256,4096,smoothed_evaluation,0.946,0.9225734384893529,0.9626256498189425,500,0.040986237687805294,0.015118358750480662,0,0,0
diffuse,exponential,5,32,1024,32768,evening_minus_morning,0.93,0.9042028101480832,0.949240257054982,500,0.016293224105711254,0.005424260729148228,0,0,0
diffuse,exponential,5,32,1024,32768,interval_average,0.932,0.9064790772661258,0.9509334925750932,500,0.008616748638418915,0.005424260729148228,0,0,0
diffuse,exponential,5,32,1024,32768,smoothed_evaluation,0.936,0.911047591162316,0.9543039839552107,500,0.014551112174594101,0.005424260729148228,0,0,0
diffuse,exponential,6,64,4096,262144,evening_minus_morning,0.932,0.9064790772661258,0.9509334925750932,500,0.005856162925040641,0.0019219168365650254,0,0,0
diffuse,exponential,6,64,4096,262144,interval_average,0.954,0.9319222072317267,0.9691548916291838,500,0.0030743838475270654,0.0019219168365650254,0,0,0
diffuse,exponential,6,64,4096,262144,smoothed_evaluation,0.958,0.9366484142456699,0.9723676898915483,500,0.005238807310976674,0.0019219168365650254,0,0,0
diffuse,gaussian,4,16,256,4096,evening_minus_morning,0.92,0.8928936834221488,0.9407018705901475,500,0.0462001398279846,0.015401315738318672,0,0,0
diffuse,gaussian,4,16,256,4096,interval_average,0.94,0.9156389368747802,0.9576516435190539,500,0.024224296936253987,0.015401315738318672,0,0,0
diffuse,gaussian,4,16,256,4096,smoothed_evaluation,0.934,0.9087605988391466,0.9526214736402262,500,0.04167648817882455,0.015401315738318672,0,0,0
diffuse,gaussian,5,32,1024,32768,evening_minus_morning,0.938,0.9133402868983618,0.9559807908573184,500,0.01643668422607839,0.005411275616522739,0,0,0
diffuse,gaussian,5,32,1024,32768,interval_average,0.948,0.9248988560621544,0.9642697348842947,500,0.00871027433653425,0.005411275616522739,0,0,0
diffuse,gaussian,5,32,1024,32768,smoothed_evaluation,0.94,0.9156389368747802,0.9576516435190539,500,0.014805975490475734,0.005411275616522739,0,0,0
diffuse,gaussian,6,64,4096,262144,evening_minus_morning,0.958,0.9366484142456699,0.9723676898915483,500,0.0058441718484026324,0.0019214601995382085,0,0,0
diffuse,gaussian,6,64,4096,262144,interval_average,0.964,0.9438156730319722,0.9771089390197072,500,0.0030667491433501266,0.0019214601995382085,0,0,0
diffuse,gaussian,6,64,4096,262144,smoothed_evaluation,0.938,0.9133402868983618,0.9559807908573184,500,0.005255093521207501,0.0019214601995382085,0,0,0
