spectrum,distribution,mechanism,magnitude,method,mean_difference,mc_low,mc_high,interval_status
concentrated,gaussian,clean,0.0,Adaptive(2),-0.0001052963823123845,-0.00013387894322617534,-7.671382139859366e-05,paired_normal_MC_approximation
concentrated,gaussian,clean,0.0,MOM,0.0,0.0,0.0,paired_normal_MC_approximation
concentrated,gaussian,clean,0.0,Mean,-0.00011848112282950368,-0.00015679296338634,-8.016928227266737e-05,paired_normal_MC_approximation
concentrated,gaussian,clean,0.0,PH(0.25),-2.7310727439309498e-05,-3.390652540916191e-05,-2.0714929469457084e-05,paired_normal_MC_approximation
concentrated,gaussian,clean,0.0,PH(1),-9.234464787871351e-05,-0.00011615647402486482,-6.85328217325622e-05,paired_normal_MC_approximation
concentrated,gaussian,clean,0.0,PH(16),-0.0001184919078702427,-0.00015662553191495867,-8.035828382552674e-05,paired_normal_MC_approximation
concentrated,gaussian,clean,0.0,PH(4),-0.000117855795049367,-0.00015379738170513853,-8.191420839359547e-05,paired_normal_MC_approximation
concentrated,gaussian,raw_dispersed,10.0,Adaptive(2),0.008789856896909497,0.006837991307282647,0.010741722486536346,paired_normal_MC_approximation
concentrated,gaussian,raw_dispersed,10.0,MOM,0.0,0.0,0.0,paired_normal_MC_approximation
concentrated,gaussian,raw_dispersed,10.0,Mean,0.01812471433390587,0.015453155848938508,0.020796272818873227,paired_normal_MC_approximation
concentrated,gaussian,raw_dispersed,10.0,PH(0.25),0.0003752147572504868,0.00013538959552704941,0.0006150399189739241,paired_normal_MC_approximation
concentrated,gaussian,raw_dispersed,10.0,PH(1),0.0025953525170102276,0.0015356633432013914,0.0036550416908190638,paired_normal_MC_approximation
concentrated,gaussian,raw_dispersed,10.0,PH(16),0.017050922433205284,0.01444982309944044,0.01965202176697013,paired_normal_MC_approximation
concentrated,gaussian,raw_dispersed,10.0,PH(4),0.010450054499563518,0.008332848045652,0.012567260953475035,paired_normal_MC_approximation
concentrated,gaussian,raw_dispersed,100.0,Adaptive(2),1.4036860087143384,1.256663613859724,1.5507084035689527,paired_normal_MC_approximation
concentrated,gaussian,raw_dispersed,100.0,MOM,0.0,0.0,0.0,paired_normal_MC_approximation
concentrated,gaussian,raw_dispersed,100.0,Mean,2.553867310385282,2.3778709376509575,2.729863683119606,paired_normal_MC_approximation
concentrated,gaussian,raw_dispersed,100.0,PH(0.25),0.010583067262173153,0.0031894583221393075,0.017976676202206998,paired_normal_MC_approximation
concentrated,gaussian,raw_dispersed,100.0,PH(1),0.07403019939637398,0.049561477192303936,0.09849892160044402,paired_normal_MC_approximation
concentrated,gaussian,raw_dispersed,100.0,PH(16),1.031542147079527,0.8918957494812606,1.1711885446777934,paired_normal_MC_approximation
concentrated,gaussian,raw_dispersed,100.0,PH(4),0.38408633828649985,0.28744474634110384,0.48072793023189586,paired_normal_MC_approximation
concentrated,gaussian,whole_block,10.0,Adaptive(2),0.0010061945372021807,0.000922002682994634,0.0010903863914097274,paired_normal_MC_approximation
concentrated,gaussian,whole_block,10.0,MOM,0.0,0.0,0.0,paired_normal_MC_approximation
concentrated,gaussian,whole_block,10.0,Mean,1.561090354097436,1.5568119023025475,1.5653688058923243,paired_normal_MC_approximation
concentrated,gaussian,whole_block,10.0,PH(0.25),5.21583972277081e-06,-3.86710132716787e-06,1.429878077270949e-05,paired_normal_MC_approximation
concentrated,gaussian,whole_block,10.0,PH(1),0.0003409486589392243,0.0002958846063715727,0.0003860127115068759,paired_normal_MC_approximation
concentrated,gaussian,whole_block,10.0,PH(16),0.08003496194096915,0.07903445380792315,0.08103547007401515,paired_normal_MC_approximation
concentrated,gaussian,whole_block,10.0,PH(4),0.005338524135030243,0.005121090694842023,0.0055559575752184625,paired_normal_MC_approximation
concentrated,gaussian,whole_block,100.0,Adaptive(2),0.0010073518488450967,0.0009231180694332387,0.0010915856282569547,paired_normal_MC_approximation
concentrated,gaussian,whole_block,100.0,MOM,0.0,0.0,0.0,paired_normal_MC_approximation
concentrated,gaussian,whole_block,100.0,Mean,156.2424341260221,156.19896417828713,156.28590407375705,paired_normal_MC_approximation
concentrated,gaussian,whole_block,100.0,PH(0.25),5.227649596437402e-06,-3.8556588216165475e-06,1.4310958014491352e-05,paired_normal_MC_approximation
concentrated,gaussian,whole_block,100.0,PH(1),0.0003412536812972096,0.000296183462085291,0.0003863239005091282,paired_normal_MC_approximation
concentrated,gaussian,whole_block,100.0,PH(16),0.08349973830271339,0.08247482504149438,0.0845246515639324,paired_normal_MC_approximation
concentrated,gaussian,whole_block,100.0,PH(4),0.005354946987088325,0.0051371448771801494,0.005572749096996501,paired_normal_MC_approximation
concentrated,student_t4,clean,0.0,Adaptive(2),-0.00013104545170861386,,,not_reported_infinite_fourth_moment
concentrated,student_t4,clean,0.0,MOM,0.0,,,not_reported_infinite_fourth_moment
concentrated,student_t4,clean,0.0,Mean,-0.00013917296037570053,,,not_reported_infinite_fourth_moment
concentrated,student_t4,clean,0.0,PH(0.25),-3.5967699009063634e-05,,,not_reported_infinite_fourth_moment
concentrated,student_t4,clean,0.0,PH(1),-0.00011580443048486796,,,not_reported_infinite_fourth_moment
concentrated,student_t4,clean,0.0,PH(16),-0.00013970784603368686,,,not_reported_infinite_fourth_moment
concentrated,student_t4,clean,0.0,PH(4),-0.00014269537174390866,,,not_reported_infinite_fourth_moment
concentrated,student_t4,raw_dispersed,10.0,Adaptive(2),0.009762869968895676,,,not_reported_infinite_fourth_moment
concentrated,student_t4,raw_dispersed,10.0,MOM,0.0,,,not_reported_infinite_fourth_moment
concentrated,student_t4,raw_dispersed,10.0,Mean,0.01949553632352908,,,not_reported_infinite_fourth_moment
concentrated,student_t4,raw_dispersed,10.0,PH(0.25),0.0002515374550240938,,,not_reported_infinite_fourth_moment
concentrated,student_t4,raw_dispersed,10.0,PH(1),0.002639092082697376,,,not_reported_infinite_fourth_moment
concentrated,student_t4,raw_dispersed,10.0,PH(16),0.018343121577932407,,,not_reported_infinite_fourth_moment
concentrated,student_t4,raw_dispersed,10.0,PH(4),0.011358675684047453,,,not_reported_infinite_fourth_moment
concentrated,student_t4,raw_dispersed,100.0,Adaptive(2),1.3198626204565036,,,not_reported_infinite_fourth_moment
concentrated,student_t4,raw_dispersed,100.0,MOM,0.0,,,not_reported_infinite_fourth_moment
concentrated,student_t4,raw_dispersed,100.0,Mean,2.4830069382032436,,,not_reported_infinite_fourth_moment
concentrated,student_t4,raw_dispersed,100.0,PH(0.25),0.003312074289881501,,,not_reported_infinite_fourth_moment
concentrated,student_t4,raw_dispersed,100.0,PH(1),0.04396675094422686,,,not_reported_infinite_fourth_moment
concentrated,student_t4,raw_dispersed,100.0,PH(16),0.9249213044814519,,,not_reported_infinite_fourth_moment
concentrated,student_t4,raw_dispersed,100.0,PH(4),0.3118638182658074,,,not_reported_infinite_fourth_moment
concentrated,student_t4,whole_block,10.0,Adaptive(2),0.0009370853073881651,,,not_reported_infinite_fourth_moment
concentrated,student_t4,whole_block,10.0,MOM,0.0,,,not_reported_infinite_fourth_moment
concentrated,student_t4,whole_block,10.0,Mean,1.562476575171056,,,not_reported_infinite_fourth_moment
concentrated,student_t4,whole_block,10.0,PH(0.25),-2.5708967546063973e-06,,,not_reported_infinite_fourth_moment
concentrated,student_t4,whole_block,10.0,PH(1),0.0002988980112737947,,,not_reported_infinite_fourth_moment
concentrated,student_t4,whole_block,10.0,PH(16),0.08010942950780056,,,not_reported_infinite_fourth_moment
concentrated,student_t4,whole_block,10.0,PH(4),0.005310901603079687,,,not_reported_infinite_fourth_moment
concentrated,student_t4,whole_block,100.0,Adaptive(2),0.0009382064491966856,,,not_reported_infinite_fourth_moment
concentrated,student_t4,whole_block,100.0,MOM,0.0,,,not_reported_infinite_fourth_moment
concentrated,student_t4,whole_block,100.0,Mean,156.2565109421878,,,not_reported_infinite_fourth_moment
concentrated,student_t4,whole_block,100.0,PH(0.25),-2.55831130399267e-06,,,not_reported_infinite_fourth_moment
concentrated,student_t4,whole_block,100.0,PH(1),0.0002992080732057556,,,not_reported_infinite_fourth_moment
concentrated,student_t4,whole_block,100.0,PH(16),0.08357471245801151,,,not_reported_infinite_fourth_moment
concentrated,student_t4,whole_block,100.0,PH(4),0.005327358320235276,,,not_reported_infinite_fourth_moment
diffuse,gaussian,clean,0.0,Adaptive(2),-2.058129910374553e-05,-2.487857270707869e-05,-1.628402550041237e-05,paired_normal_MC_approximation
diffuse,gaussian,clean,0.0,MOM,0.0,0.0,0.0,paired_normal_MC_approximation
diffuse,gaussian,clean,0.0,Mean,-2.182323213619044e-05,-2.7113546458337195e-05,-1.6532917814043683e-05,paired_normal_MC_approximation
diffuse,gaussian,clean,0.0,PH(0.25),-3.1421912857965216e-06,-3.6290763623942436e-06,-2.6553062091987997e-06,paired_normal_MC_approximation
diffuse,gaussian,clean,0.0,PH(1),-1.6642491542608473e-05,-1.9641454656208915e-05,-1.3643528429008031e-05,paired_normal_MC_approximation
diffuse,gaussian,clean,0.0,PH(16),-2.181773643241567e-05,-2.7089713002990048e-05,-1.6545759861841293e-05,paired_normal_MC_approximation
diffuse,gaussian,clean,0.0,PH(4),-2.1672678086386e-05,-2.668856959723479e-05,-1.665678657553721e-05,paired_normal_MC_approximation
diffuse,gaussian,raw_dispersed,10.0,Adaptive(2),0.009444339110996864,0.008260085701824868,0.01062859252016886,paired_normal_MC_approximation
diffuse,gaussian,raw_dispersed,10.0,MOM,0.0,0.0,0.0,paired_normal_MC_approximation
diffuse,gaussian,raw_dispersed,10.0,Mean,0.01932167826175769,0.017471632819776005,0.021171723703739376,paired_normal_MC_approximation
diffuse,gaussian,raw_dispersed,10.0,PH(0.25),0.00016847717699139153,0.0001323318621703158,0.00020462249181246728,paired_normal_MC_approximation
diffuse,gaussian,raw_dispersed,10.0,PH(1),0.0020009646376972705,0.0016359964366614347,0.0023659328387331062,paired_normal_MC_approximation
diffuse,gaussian,raw_dispersed,10.0,PH(16),0.018099581751835295,0.016328224261087064,0.019870939242583527,paired_normal_MC_approximation
diffuse,gaussian,raw_dispersed,10.0,PH(4),0.01058011168041491,0.00931016184081781,0.01185006152001201,paired_normal_MC_approximation
diffuse,gaussian,raw_dispersed,100.0,Adaptive(2),1.4959655792453241,1.3900965037754096,1.6018346547152387,paired_normal_MC_approximation
diffuse,gaussian,raw_dispersed,100.0,MOM,0.0,0.0,0.0,paired_normal_MC_approximation
diffuse,gaussian,raw_dispersed,100.0,Mean,2.7454032089389444,2.6193975683382833,2.8714088495396055,paired_normal_MC_approximation
diffuse,gaussian,raw_dispersed,100.0,PH(0.25),0.004716961509564619,0.003079891222908507,0.006354031796220731,paired_normal_MC_approximation
diffuse,gaussian,raw_dispersed,100.0,PH(1),0.05782807151103624,0.03975898210940221,0.07589716091267028,paired_normal_MC_approximation
diffuse,gaussian,raw_dispersed,100.0,PH(16),1.0838053609152707,0.9715546139507991,1.1960561078797423,paired_normal_MC_approximation
diffuse,gaussian,raw_dispersed,100.0,PH(4),0.376752594198806,0.281447354630321,0.47205783376729105,paired_normal_MC_approximation
diffuse,gaussian,whole_block,10.0,Adaptive(2),0.001311807958351081,0.0012823390259314564,0.0013412768907707054,paired_normal_MC_approximation
diffuse,gaussian,whole_block,10.0,MOM,0.0,0.0,0.0,paired_normal_MC_approximation
diffuse,gaussian,whole_block,10.0,Mean,1.5623159653499783,1.5609740108998846,1.563657919800072,paired_normal_MC_approximation
diffuse,gaussian,whole_block,10.0,PH(0.25),1.91879873879909e-05,1.8207024360602735e-05,2.0168950415379065e-05,paired_normal_MC_approximation
diffuse,gaussian,whole_block,10.0,PH(1),0.0003248956539879014,0.00031486133505775204,0.00033492997291805073,paired_normal_MC_approximation
diffuse,gaussian,whole_block,10.0,PH(16),0.07987864509808554,0.07957562546048996,0.08018166473568111,paired_normal_MC_approximation
diffuse,gaussian,whole_block,10.0,PH(4),0.005204506828724107,0.005139107378177666,0.005269906279270548,paired_normal_MC_approximation
diffuse,gaussian,whole_block,100.0,Adaptive(2),0.001314864168407439,0.001285369574656099,0.0013443587621587792,paired_normal_MC_approximation
diffuse,gaussian,whole_block,100.0,MOM,0.0,0.0,0.0,paired_normal_MC_approximation
diffuse,gaussian,whole_block,100.0,Mean,156.25186956187085,156.23828363380295,156.26545548993874,paired_normal_MC_approximation
diffuse,gaussian,whole_block,100.0,PH(0.25),1.923475553081287e-05,1.825295676398989e-05,2.0216554297635848e-05,paired_normal_MC_approximation
diffuse,gaussian,whole_block,100.0,PH(1),0.0003256323352328652,0.0003155932788907916,0.00033567139157493877,paired_normal_MC_approximation
diffuse,gaussian,whole_block,100.0,PH(16),0.08334581043196462,0.08303563713370948,0.08365598373021976,paired_normal_MC_approximation
diffuse,gaussian,whole_block,100.0,PH(4),0.0052239986472832735,0.005158495715325446,0.005289501579241101,paired_normal_MC_approximation
diffuse,student_t4,clean,0.0,Adaptive(2),-1.6574997007205626e-05,,,not_reported_infinite_fourth_moment
diffuse,student_t4,clean,0.0,MOM,0.0,,,not_reported_infinite_fourth_moment
diffuse,student_t4,clean,0.0,Mean,-1.6559040009039032e-05,,,not_reported_infinite_fourth_moment
diffuse,student_t4,clean,0.0,PH(0.25),-2.8937642064533597e-06,,,not_reported_infinite_fourth_moment
diffuse,student_t4,clean,0.0,PH(1),-1.4073123253771397e-05,,,not_reported_infinite_fourth_moment
diffuse,student_t4,clean,0.0,PH(16),-1.658211119275515e-05,,,not_reported_infinite_fourth_moment
diffuse,student_t4,clean,0.0,PH(4),-1.680345567024165e-05,,,not_reported_infinite_fourth_moment
diffuse,student_t4,raw_dispersed,10.0,Adaptive(2),0.009776464010819655,,,not_reported_infinite_fourth_moment
diffuse,student_t4,raw_dispersed,10.0,MOM,0.0,,,not_reported_infinite_fourth_moment
diffuse,student_t4,raw_dispersed,10.0,Mean,0.019293687817699565,,,not_reported_infinite_fourth_moment
diffuse,student_t4,raw_dispersed,10.0,PH(0.25),0.00021275980260322558,,,not_reported_infinite_fourth_moment
diffuse,student_t4,raw_dispersed,10.0,PH(1),0.0023587365218237784,,,not_reported_infinite_fourth_moment
diffuse,student_t4,raw_dispersed,10.0,PH(16),0.018171878156377993,,,not_reported_infinite_fourth_moment
diffuse,student_t4,raw_dispersed,10.0,PH(4),0.011062860799988219,,,not_reported_infinite_fourth_moment
diffuse,student_t4,raw_dispersed,100.0,Adaptive(2),1.4776035871601043,,,not_reported_infinite_fourth_moment
diffuse,student_t4,raw_dispersed,100.0,MOM,0.0,,,not_reported_infinite_fourth_moment
diffuse,student_t4,raw_dispersed,100.0,Mean,2.6799737991297152,,,not_reported_infinite_fourth_moment
diffuse,student_t4,raw_dispersed,100.0,PH(0.25),0.004791613461921326,,,not_reported_infinite_fourth_moment
diffuse,student_t4,raw_dispersed,100.0,PH(1),0.05679687015676251,,,not_reported_infinite_fourth_moment
diffuse,student_t4,raw_dispersed,100.0,PH(16),1.095754373787452,,,not_reported_infinite_fourth_moment
diffuse,student_t4,raw_dispersed,100.0,PH(4),0.372607457267094,,,not_reported_infinite_fourth_moment
diffuse,student_t4,whole_block,10.0,Adaptive(2),0.0012691324883565096,,,not_reported_infinite_fourth_moment
diffuse,student_t4,whole_block,10.0,MOM,0.0,,,not_reported_infinite_fourth_moment
diffuse,student_t4,whole_block,10.0,Mean,1.560977268451804,,,not_reported_infinite_fourth_moment
diffuse,student_t4,whole_block,10.0,PH(0.25),1.9060508921741856e-05,,,not_reported_infinite_fourth_moment
diffuse,student_t4,whole_block,10.0,PH(1),0.0003183054553660385,,,not_reported_infinite_fourth_moment
diffuse,student_t4,whole_block,10.0,PH(16),0.07948037302683485,,,not_reported_infinite_fourth_moment
diffuse,student_t4,whole_block,10.0,PH(4),0.005127148784103089,,,not_reported_infinite_fourth_moment
diffuse,student_t4,whole_block,100.0,Adaptive(2),0.001272268773049296,,,not_reported_infinite_fourth_moment
diffuse,student_t4,whole_block,100.0,MOM,0.0,,,not_reported_infinite_fourth_moment
diffuse,student_t4,whole_block,100.0,Mean,156.23821894581192,,,not_reported_infinite_fourth_moment
diffuse,student_t4,whole_block,100.0,PH(0.25),1.91138627002641e-05,,,not_reported_infinite_fourth_moment
diffuse,student_t4,whole_block,100.0,PH(1),0.0003191015505163708,,,not_reported_infinite_fourth_moment
diffuse,student_t4,whole_block,100.0,PH(16),0.08293849198462504,,,not_reported_infinite_fourth_moment
diffuse,student_t4,whole_block,100.0,PH(4),0.005146813064215459,,,not_reported_infinite_fourth_moment
