spectrum,distribution,mechanism,magnitude,method,reps,mean_error,mse,mse_mc_low,mse_mc_high,mse_interval_status,q95,q95_mc_low,q95_mc_high,mean_shift,mean_realized_block_fraction,solver_failures,preliminary_failures
concentrated,gaussian,clean,0.0,Adaptive(2),500,0.019112663943601723,0.0004884704809904121,0.0004265235791129233,0.0005504173828679009,normal_MC_approximation,0.040681560940740234,0.03671793727060917,0.04354652267392335,0.0,0.0,0,0
concentrated,gaussian,clean,0.0,MOM,500,0.021060040647883683,0.0005937668633027966,0.0005181212521224106,0.0006694124744831825,normal_MC_approximation,0.04494723774176397,0.04089619695782815,0.047375889615852575,0.0,0.0,0,0
concentrated,gaussian,clean,0.0,Mean,500,0.018793891859170016,0.00047528574047329286,0.00041571682158434933,0.0005348546593622364,normal_MC_approximation,0.03964055876529772,0.03631508990559172,0.04191489855753958,0.0,0.0,0,0
concentrated,gaussian,clean,0.0,PH(0.25),500,0.020576705530526127,0.0005664561358634872,0.0004936743517513986,0.0006392379199755759,normal_MC_approximation,0.04353486502692109,0.03995388895505298,0.04596299337579291,0.0,0.0,0,0
concentrated,gaussian,clean,0.0,PH(1),500,0.01937436047270066,0.000501422215424083,0.0004371610302126942,0.0005656834006354718,normal_MC_approximation,0.04058380585537622,0.03704558884367064,0.044454590332637337,0.0,0.0,0,0
concentrated,gaussian,clean,0.0,PH(16),500,0.01879499389124503,0.0004752749554325539,0.00041569656277808413,0.0005348533480870237,normal_MC_approximation,0.03960888980243239,0.03621796765308317,0.041867992438106856,0.0,0.0,0,0
concentrated,gaussian,clean,0.0,PH(4),500,0.018821794739467934,0.0004759110682534295,0.00041608388497448967,0.0005357382515323694,normal_MC_approximation,0.03951905152674839,0.03592142046269025,0.0422066896898422,0.0,0.0,0,0
concentrated,gaussian,raw_dispersed,10.0,Adaptive(2),500,0.48823919236381697,0.23891858974110686,0.23693984688658667,0.24089733259562704,normal_MC_approximation,0.5238335899023024,0.51963055479862,0.5261736765815658,0.4885802580880493,0.9658125,0,0
concentrated,gaussian,raw_dispersed,10.0,MOM,500,0.4782733939703765,0.23012873284419738,0.22700574522758543,0.23325172046080933,normal_MC_approximation,0.5399455539576619,0.5314248062113611,0.5484452247719127,0.47875063397568496,0.9658125,0,0
concentrated,gaussian,raw_dispersed,10.0,Mean,500,0.4978547182823132,0.24825344717810324,0.2465268487656273,0.24998004559057918,normal_MC_approximation,0.5302664538710933,0.5258749815829795,0.5341667360429617,0.498046875,0.9658125,0,0
concentrated,gaussian,raw_dispersed,10.0,PH(0.25),500,0.4787656374172786,0.23050394760144785,0.22749003538484444,0.23351785981805126,normal_MC_approximation,0.5399015051923861,0.5296680600581827,0.5437829459393032,0.47922606297478165,0.9658125,0,0
concentrated,gaussian,raw_dispersed,10.0,PH(1),500,0.4814788790051705,0.23272408536120762,0.23019682081345558,0.23525134990895966,normal_MC_approximation,0.5289256168953289,0.524649769172125,0.5314058901551029,0.48182301089261786,0.9658125,0,0
concentrated,gaussian,raw_dispersed,10.0,PH(16),500,0.49677213619856614,0.24717965527740268,0.2454502836239401,0.24890902693086525,normal_MC_approximation,0.5288500630303998,0.5247105555783963,0.5330367014418599,0.4969656018479532,0.9658125,0,0
concentrated,gaussian,raw_dispersed,10.0,PH(4),500,0.48999281958617236,0.2405787873437609,0.2386938153558209,0.2424637593317009,normal_MC_approximation,0.523291287393562,0.5201928589992,0.529290892859987,0.4902054185239835,0.9658125,0,0
concentrated,gaussian,raw_dispersed,100.0,Adaptive(2),500,4.861825745103942,23.652637671199738,23.547870905382457,23.75740443701702,normal_MC_approximation,5.034624505065619,5.0198366525416525,5.0547500669785785,4.862240692665315,0.9658125,0,0
concentrated,gaussian,raw_dispersed,100.0,MOM,500,4.711961619646776,22.248951662485396,22.073124493804155,22.424778831166638,normal_MC_approximation,4.86515546992065,4.831365130998619,5.161501957335195,4.712504723314603,0.9658125,0,0
concentrated,gaussian,raw_dispersed,100.0,Mean,500,4.98020329260885,24.80281897287068,24.78547769795535,24.820160247786006,normal_MC_approximation,5.012657703162296,5.008261853161822,5.016267252903787,4.98046875,0.9658125,0,0
concentrated,gaussian,raw_dispersed,100.0,PH(0.25),500,4.713131438307932,22.25953472974757,22.084405316565004,22.43466414293014,normal_MC_approximation,4.863760778919615,4.832828360856937,5.193078283062078,4.713660967464412,0.9658125,0,0
concentrated,gaussian,raw_dispersed,100.0,PH(1),500,4.719946933862747,22.322981861881775,22.14882632796483,22.49713739579872,normal_MC_approximation,4.906153318141908,4.8661796175852405,5.255609606380732,4.72036610767837,0.9658125,0,0
concentrated,gaussian,raw_dispersed,100.0,PH(16),500,4.8219551528958,23.280493809564927,23.136556019277243,23.42443159985261,normal_MC_approximation,5.0745470063085225,5.055754002909045,5.125594833651914,4.822221806721762,0.9658125,0,0
concentrated,gaussian,raw_dispersed,100.0,PH(4),500,4.7521414147284595,22.633038000771897,22.446923285163216,22.81915271638058,normal_MC_approximation,5.110224193342736,5.047132686070938,5.1826186467533875,4.7524283474577675,0.9658125,0,0
concentrated,gaussian,whole_block,10.0,Adaptive(2),500,0.04242731307111328,0.0022071336854674194,0.0020436595303879052,0.0023706078405469335,normal_MC_approximation,0.07569303471553057,0.07358047710883732,0.080827334291603,0.04060375290299743,0.125,0,0
concentrated,gaussian,whole_block,10.0,MOM,500,0.029968254391851048,0.0012009391482652387,0.0010807256784056668,0.0013211526181248106,normal_MC_approximation,0.06504506674035246,0.058771719998287494,0.06830083633981306,0.023225919223238734,0.125,0,0
concentrated,gaussian,whole_block,10.0,Mean,500,1.249758831673891,1.5622912932457016,1.5579456918824826,1.5666368946089206,normal_MC_approximation,1.2821994936865748,1.277800276686993,1.2858914886149833,1.25,0.125,0,0
concentrated,gaussian,whole_block,10.0,PH(0.25),500,0.03005055920124857,0.0012061549879880094,0.0010870505494617636,0.0013252594265142552,normal_MC_approximation,0.065015566323659,0.05821025591637398,0.06866832420030648,0.023926808613559943,0.125,0,0
concentrated,gaussian,whole_block,10.0,PH(1),500,0.034613141082091646,0.0015418878072044628,0.0014103800214103734,0.0016733955929985522,normal_MC_approximation,0.06869855679402108,0.06459176275728831,0.0746236423248154,0.03135599244811356,0.125,0,0
concentrated,gaussian,whole_block,10.0,PH(16),500,0.28419169623682783,0.08123590108923438,0.08016274849401599,0.08230905368445278,normal_MC_approximation,0.3190320141170543,0.3153887533701054,0.3230821510703036,0.2843229575346802,0.125,0,0
concentrated,gaussian,whole_block,10.0,PH(4),500,0.0780776553036343,0.0065394632832954805,0.0062472300041202505,0.006831696562470711,normal_MC_approximation,0.11294651915332106,0.10925771431634954,0.11777614431451544,0.07765437665491916,0.125,0,0
concentrated,gaussian,whole_block,100.0,Adaptive(2),500,0.042445414449542494,0.0022085866194902384,0.0020450700274314538,0.002372103211549023,normal_MC_approximation,0.07569920237832772,0.07359302699337654,0.08083092099326927,0.04062130969774059,0.125,0,0
concentrated,gaussian,whole_block,100.0,MOM,500,0.029974288976968015,0.0012012347706451415,0.001081019925347678,0.001321449615942605,normal_MC_approximation,0.06504231367496652,0.05874561870105984,0.06833447173763565,0.023231959589397177,0.125,0,0
concentrated,gaussian,whole_block,100.0,Mean,500,12.499729646278599,156.24363536079275,156.20009807705193,156.28717264453357,normal_MC_approximation,12.53218677938547,12.527872254092358,12.53622661478697,12.5,0.125,0,0
concentrated,gaussian,whole_block,100.0,PH(0.25),500,0.03005682730028532,0.001206462420241579,0.0010873567455589794,0.0013255680949241788,normal_MC_approximation,0.06501304793190664,0.058242984011548475,0.06924983546845102,0.023933050323502705,0.125,0,0
concentrated,gaussian,whole_block,100.0,PH(1),500,0.03462329188558291,0.0015424884519423512,0.0014109719038664969,0.0016740050000182056,normal_MC_approximation,0.06870775142153716,0.06458306348802767,0.07462873409857979,0.03136563175041499,0.125,0,0
concentrated,gaussian,whole_block,100.0,PH(16),500,0.2902218353078265,0.08470097307335854,0.08360340560901544,0.08579854053770164,normal_MC_approximation,0.32513119731813206,0.3215118712360544,0.3291603284742295,0.29035588690236475,0.125,0,0
concentrated,gaussian,whole_block,100.0,PH(4),500,0.07818506698463698,0.0065561817577334675,0.006263574855998777,0.006848788659468158,normal_MC_approximation,0.11306745609689121,0.10938478927735835,0.11788288637969199,0.07776208967074551,0.125,0,0
concentrated,student_t4,clean,0.0,Adaptive(2),500,0.020319415890205292,0.0005511020357783481,,,not_reported_infinite_fourth_moment,0.04318838147276796,0.03955141332756739,0.045846407647599126,0.0,0.0,0,0
concentrated,student_t4,clean,0.0,MOM,500,0.0226263550718257,0.0006821474874869618,,,not_reported_infinite_fourth_moment,0.04655186685915724,0.0433466300046083,0.049798740890701285,0.0,0.0,0,0
concentrated,student_t4,clean,0.0,Mean,500,0.020149503933703322,0.0005429745271112614,,,not_reported_infinite_fourth_moment,0.04136309930957023,0.03924558975666537,0.04461172283737684,0.0,0.0,0,0
concentrated,student_t4,clean,0.0,PH(0.25),500,0.021982543854720035,0.0006461797884778982,,,not_reported_infinite_fourth_moment,0.0454285240215724,0.04298398174575549,0.04922754292943493,0.0,0.0,0,0
concentrated,student_t4,clean,0.0,PH(1),500,0.020593302858228777,0.0005663430570020939,,,not_reported_infinite_fourth_moment,0.04380651628680381,0.040606546139747915,0.04629229567165041,0.0,0.0,0,0
concentrated,student_t4,clean,0.0,PH(16),500,0.020140585885696453,0.0005424396414532749,,,not_reported_infinite_fourth_moment,0.04145831180087807,0.0391735899091603,0.044547880208652316,0.0,0.0,0,0
concentrated,student_t4,clean,0.0,PH(4),500,0.020091080013209053,0.0005394521157430532,,,not_reported_infinite_fourth_moment,0.04164066661254321,0.03917389396440118,0.044948789511355544,0.0,0.0,0,0
concentrated,student_t4,raw_dispersed,10.0,Adaptive(2),500,0.4884354899048194,0.2391502926033521,,,not_reported_infinite_fourth_moment,0.5271809714418176,0.5235630681259046,0.5295661461244164,0.48815883749206945,0.9640625,0,0
concentrated,student_t4,raw_dispersed,10.0,MOM,500,0.4774467331751273,0.22938742263445644,,,not_reported_infinite_fourth_moment,0.5341593027236409,0.5302320848735129,0.5382299214753442,0.47665956021907585,0.9640625,0,0
concentrated,student_t4,raw_dispersed,10.0,Mean,500,0.4984190323204635,0.2488829589579855,,,not_reported_infinite_fourth_moment,0.533154956171938,0.5295269876404181,0.5365096329583489,0.498046875,0.9640625,0,0
concentrated,student_t4,raw_dispersed,10.0,PH(0.25),500,0.47781760688417396,0.2296389600894805,,,not_reported_infinite_fourth_moment,0.5340039990267789,0.5279689400324061,0.5382513353914604,0.47716363056682265,0.9640625,0,0
concentrated,student_t4,raw_dispersed,10.0,PH(1),500,0.48073020712027864,0.23202651471715383,,,not_reported_infinite_fourth_moment,0.5276753556160527,0.5239898008508844,0.5343590290727573,0.48042179322111983,0.9640625,0,0
concentrated,student_t4,raw_dispersed,10.0,PH(16),500,0.4972592673130749,0.24773054421238885,,,not_reported_infinite_fourth_moment,0.5321293866377503,0.5285979344753495,0.5353084988796881,0.4968885923491338,0.9640625,0,0
concentrated,student_t4,raw_dispersed,10.0,PH(4),500,0.4901053492206341,0.24074609831850388,,,not_reported_infinite_fourth_moment,0.5262875188621877,0.5241144906460308,0.5290115248756312,0.4897647728378968,0.9640625,0,0
concentrated,student_t4,raw_dispersed,100.0,Adaptive(2),500,4.861308419250947,23.64536057384302,,,not_reported_infinite_fourth_moment,5.036864597844936,5.02006656498789,5.046724398889845,4.861106315953748,0.9640625,0,0
concentrated,student_t4,raw_dispersed,100.0,MOM,500,4.722085877198828,22.32549795338652,,,not_reported_infinite_fourth_moment,4.857268866972579,4.829473160483848,4.941093925566493,4.721369373598776,0.9640625,0,0
concentrated,student_t4,raw_dispersed,100.0,Mean,500,4.980767360608094,24.808504891589756,,,not_reported_infinite_fourth_moment,5.015531794556031,5.0118208823213015,5.018737980474911,4.98046875,0.9640625,0,0
concentrated,student_t4,raw_dispersed,100.0,PH(0.25),500,4.7224059560327705,22.328810027676397,,,not_reported_infinite_fourth_moment,4.856857199243425,4.824610112059315,4.94185516145467,4.721825431818839,0.9640625,0,0
concentrated,student_t4,raw_dispersed,100.0,PH(1),500,4.726571757589456,22.369464704330742,,,not_reported_infinite_fourth_moment,4.904708307915551,4.846011446110099,5.011191755377685,4.726340444685169,0.9640625,0,0
concentrated,student_t4,raw_dispersed,100.0,PH(16),500,4.819091892109355,23.250419257867964,,,not_reported_infinite_fourth_moment,5.061935030011903,5.048212330067292,5.098208730436521,4.81879454532495,0.9640625,0,0
concentrated,student_t4,raw_dispersed,100.0,PH(4),500,4.753582241029659,22.637361771652323,,,not_reported_infinite_fourth_moment,5.092173513983259,5.014284240985691,5.152990965912192,4.7533163578109034,0.9640625,0,0
concentrated,student_t4,whole_block,10.0,Adaptive(2),500,0.042261630825126635,0.0022295577203431997,,,not_reported_infinite_fourth_moment,0.07764947583830219,0.07467461518525156,0.08359316989861411,0.03989237157302247,0.125,0,0
concentrated,student_t4,whole_block,10.0,MOM,500,0.03069492395716823,0.0012924724129550346,,,not_reported_infinite_fourth_moment,0.0656477974740629,0.062320808241679834,0.06857379149257994,0.022558135148097947,0.125,0,0
concentrated,student_t4,whole_block,10.0,Mean,500,1.2503230052597667,1.5637690475840114,,,not_reported_infinite_fourth_moment,1.2850785943442566,1.2814061883766183,1.2883362921497548,1.25,0.125,0,0
concentrated,student_t4,whole_block,10.0,PH(0.25),500,0.03066729041012654,0.001289901516200428,,,not_reported_infinite_fourth_moment,0.06515943937940755,0.061312191694889995,0.06891152447093592,0.023416375372006262,0.125,0,0
concentrated,student_t4,whole_block,10.0,PH(1),500,0.03483223619573393,0.0015913704242288293,,,not_reported_infinite_fourth_moment,0.06960662085263723,0.06631783666531044,0.07350397367632806,0.0308371275346547,0.125,0,0
concentrated,student_t4,whole_block,10.0,PH(16),500,0.28440957939331135,0.0814019019207556,,,not_reported_infinite_fourth_moment,0.32078041213769043,0.3170192434865263,0.3231919292922193,0.28397332382351026,0.125,0,0
concentrated,student_t4,whole_block,10.0,PH(4),500,0.07809668314438231,0.006603374016034722,,,not_reported_infinite_fourth_moment,0.11433099940886607,0.11039471558601087,0.11728713718968521,0.07723955342297392,0.125,0,0
concentrated,student_t4,whole_block,100.0,Adaptive(2),500,0.042279339315370354,0.002230969357497039,,,not_reported_infinite_fourth_moment,0.07765913969319793,0.07463125243287279,0.08326260440974047,0.039909068340468236,0.125,0,0
concentrated,student_t4,whole_block,100.0,MOM,500,0.03070056596854269,0.0012927629083003542,,,not_reported_infinite_fourth_moment,0.06565058744264099,0.0623244273213137,0.06857627565879035,0.022564180955800085,0.125,0,0
concentrated,student_t4,whole_block,100.0,Mean,500,12.500293689555006,156.2578037050961,,,not_reported_infinite_fourth_moment,12.535059831247368,12.531352158601235,12.53829136089691,12.5,0.125,0,0
concentrated,student_t4,whole_block,100.0,PH(0.25),500,0.030673251809660993,0.0012902045969963613,,,not_reported_infinite_fourth_moment,0.06516322856219312,0.06130092967099961,0.068915092481584,0.023422587929128026,0.125,0,0
concentrated,student_t4,whole_block,100.0,PH(1),500,0.03484239987798821,0.0015919709815061095,,,not_reported_infinite_fourth_moment,0.0696083630472228,0.0659766368238716,0.0735749766565804,0.030846480722943027,0.125,0,0
concentrated,student_t4,whole_block,100.0,PH(16),500,0.29043625199276607,0.08486747536631188,,,not_reported_infinite_fourth_moment,0.3269316258047978,0.32305484952633223,0.32869154743283624,0.29000210645685026,0.125,0,0
concentrated,student_t4,whole_block,100.0,PH(4),500,0.07820427379954915,0.006620121228535629,,,not_reported_infinite_fourth_moment,0.11443040902925838,0.11048560007866873,0.1173917529381446,0.07734655800121305,0.125,0,0
diffuse,gaussian,clean,0.0,Adaptive(2),500,0.021650257122292238,0.0004882093032276607,0.00047096659963968623,0.0005054520068156351,normal_MC_approximation,0.028754832613367115,0.028007197805720405,0.030031269751188628,0.0,0.0,0,0
diffuse,gaussian,clean,0.0,MOM,500,0.02210822026526997,0.0005087906023314062,0.0004910315021829189,0.0005265497024798934,normal_MC_approximation,0.029270801548237534,0.028627360446095405,0.029915812520177144,0.0,0.0,0,0
diffuse,gaussian,clean,0.0,Mean,500,0.021621802039610522,0.0004869673701952157,0.0004697211876436559,0.0005042135527467755,normal_MC_approximation,0.028564656926250535,0.027985131612308336,0.02997101020111835,0.0,0.0,0,0
diffuse,gaussian,clean,0.0,PH(0.25),500,0.022039277385964007,0.0005056484110456097,0.00048798315720514435,0.0005233136648860751,normal_MC_approximation,0.029158004768759942,0.02852829374345249,0.02982959028672864,0.0,0.0,0,0
diffuse,gaussian,clean,0.0,PH(1),500,0.021739158344885275,0.0004921481107887977,0.0004748347770240436,0.0005094614445535517,normal_MC_approximation,0.028970688524642293,0.028168338857385067,0.029561929232344665,0.0,0.0,0,0
diffuse,gaussian,clean,0.0,PH(16),500,0.021621938400317973,0.0004869728658989905,0.0004697273415650074,0.0005042183902329736,normal_MC_approximation,0.028570570146461725,0.02798680472217531,0.029829821521378058,0.0,0.0,0,0
diffuse,gaussian,clean,0.0,PH(4),500,0.021625372552137773,0.0004871179242450202,0.00046987939499526065,0.0005043564534947798,normal_MC_approximation,0.028641419289895435,0.02800612923661969,0.029817427357249644,0.0,0.0,0,0
diffuse,gaussian,raw_dispersed,10.0,Adaptive(2),500,0.4884841064851515,0.2387513060676776,0.23776162522505875,0.23974098691029647,normal_MC_approximation,0.5049895690330078,0.5034328387255984,0.5069170950027769,0.48792891789081055,0.96,0,0
diffuse,gaussian,raw_dispersed,10.0,MOM,500,0.47830982509725484,0.22930696695668074,0.22739008585812137,0.2312238480552401,normal_MC_approximation,0.5140224056016572,0.5100651409286827,0.5168662238651665,0.4777522878374078,0.96,0,0
diffuse,gaussian,raw_dispersed,10.0,Mean,500,0.49858826334290995,0.24862864521843844,0.24808644490192552,0.24917084553495136,normal_MC_approximation,0.5083599995339301,0.5076410008858409,0.5098442376427845,0.498046875,0.96,0,0
diffuse,gaussian,raw_dispersed,10.0,PH(0.25),500,0.4784977254980813,0.2294754441336721,0.22757857201084283,0.23137231625650137,normal_MC_approximation,0.5135374535538848,0.5099146727036349,0.5164270850104135,0.4779384929294143,0.96,0,0
diffuse,gaussian,raw_dispersed,10.0,PH(1),500,0.4805351628137524,0.23130793159437799,0.2296427711816625,0.23297309200709349,normal_MC_approximation,0.5098679422572626,0.5073008107078273,0.5144444941575961,0.4799704439346277,0.96,0,0
diffuse,gaussian,raw_dispersed,10.0,PH(16),500,0.4973597730326038,0.24740654870851603,0.24685593676483397,0.24795716065219808,normal_MC_approximation,0.5072591762204578,0.5063859137230932,0.5083409958857674,0.4968171991161693,0.96,0,0
diffuse,gaussian,raw_dispersed,10.0,PH(4),500,0.48967018038814353,0.2398870786370956,0.23898892366781202,0.24078523360637918,normal_MC_approximation,0.5050706067778773,0.5034081512468674,0.5064069310657042,0.4891193964992487,0.96,0,0
diffuse,gaussian,raw_dispersed,100.0,Adaptive(2),500,4.851964198778665,23.557028188912913,23.45187450919116,23.662181868634665,normal_MC_approximation,5.0272676416059205,5.013994556907327,5.041550531971588,4.851820969650402,0.96,0,0
diffuse,gaussian,raw_dispersed,100.0,MOM,500,4.694203838990342,22.061062609667587,21.935129341191477,22.186995878143698,normal_MC_approximation,4.791069052240598,4.776001222005541,4.80146985240452,4.694065747400766,0.96,0,0
diffuse,gaussian,raw_dispersed,100.0,Mean,500,4.980605119501204,24.80646581860653,24.801045380993113,24.811886256219946,normal_MC_approximation,4.9904723396170505,4.989694625269616,4.991216471491475,4.98046875,0.96,0,0
diffuse,gaussian,raw_dispersed,100.0,PH(0.25),500,4.694694251383422,22.065779571177153,21.93946857143586,22.192090570918445,normal_MC_approximation,4.7957314210597275,4.77949371918103,4.806949923251307,4.694554501600691,0.96,0,0
diffuse,gaussian,raw_dispersed,100.0,PH(1),500,4.700199026402047,22.118890681178623,21.98804239591203,22.249738966445218,normal_MC_approximation,4.838025618954124,4.817567056975339,4.859629831487704,4.700052226720251,0.96,0,0
diffuse,gaussian,raw_dispersed,100.0,PH(16),500,4.807886841679918,23.144867970582858,23.001882247163255,23.28785369400246,normal_MC_approximation,5.066575439060279,5.049477349374809,5.086158302551088,4.807749098042051,0.96,0,0
diffuse,gaussian,raw_dispersed,100.0,PH(4),500,4.732463893960823,22.437815203866396,22.270055612937053,22.60557479479574,normal_MC_approximation,5.053847019850282,5.013720970530145,5.081392640357509,4.732323754965418,0.96,0,0
diffuse,gaussian,whole_block,10.0,Adaptive(2),500,0.04660224471230067,0.0022111723967077144,0.0021595690097693573,0.0022627757836460715,normal_MC_approximation,0.056325060995987476,0.0554109195797372,0.05766944439566526,0.041443919880894395,0.125,0,0
diffuse,gaussian,whole_block,10.0,MOM,500,0.029500438335550168,0.0008993644383566335,0.000870988859934305,0.0009277400167789619,normal_MC_approximation,0.03834476857539344,0.03752564184671459,0.0392724322612521,0.019841765107222464,0.125,0,0
diffuse,gaussian,whole_block,10.0,Mean,500,1.2502707250647536,1.563215329788335,1.5618548995414951,1.564575760035175,normal_MC_approximation,1.2601158194837305,1.259292228250092,1.2616974689025033,1.25,0.125,0,0
diffuse,gaussian,whole_block,10.0,PH(0.25),500,0.029820108052169517,0.0009185524257446243,0.0008897737749320023,0.0009473310765572464,normal_MC_approximation,0.038660164496839976,0.03778631830759687,0.03951105413047255,0.020390421436164083,0.125,0,0
diffuse,gaussian,whole_block,10.0,PH(1),500,0.03452308245127062,0.0012242600923445348,0.0011893860067281484,0.0012591341779609213,normal_MC_approximation,0.043664979033888676,0.04280875211875214,0.045179706721787755,0.02707673806475853,0.125,0,0
diffuse,gaussian,whole_block,10.0,PH(16),500,0.2841409980452603,0.08077800953644217,0.08045505837419847,0.08110096069868586,normal_MC_approximation,0.29475709561960206,0.29315396827178203,0.29580728495044883,0.28327335543176146,0.125,0,0
diffuse,gaussian,whole_block,10.0,PH(4),500,0.07787089758156258,0.006103871267080741,0.006017170790609834,0.006190571743551647,normal_MC_approximation,0.087649539597165,0.08672086518472985,0.09012677258216636,0.07489308945551046,0.125,0,0
diffuse,gaussian,whole_block,100.0,Adaptive(2),500,0.04665278378581306,0.0022158938491539906,0.002164226452894803,0.0022675612454131785,normal_MC_approximation,0.0563910710321173,0.055456409307765325,0.05773448693716703,0.04150436085205213,0.125,0,0
diffuse,gaussian,whole_block,100.0,MOM,500,0.029528278175145885,0.0009010296807465516,0.000872615253669352,0.0009294441078237512,normal_MC_approximation,0.03839260414336058,0.037599549725078146,0.0393201961442348,0.019885274739361428,0.125,0,0
diffuse,gaussian,whole_block,100.0,Mean,500,12.500109284576713,156.2527705915516,156.23916622091602,156.2663749621872,normal_MC_approximation,12.509964235070624,12.509201273392403,12.510725368450764,12.5,0.125,0,0
diffuse,gaussian,whole_block,100.0,PH(0.25),500,0.02984845446361807,0.0009202644362773645,0.0008914466697593457,0.0009490822027953832,normal_MC_approximation,0.03870379096402878,0.037820863465010124,0.03972764419938772,0.020434215923657725,0.125,0,0
diffuse,gaussian,whole_block,100.0,PH(1),500,0.03455770653795258,0.001226662015979417,0.0011917444878286705,0.0012615795441301633,normal_MC_approximation,0.04372079443948592,0.04287053385809061,0.04518517482488706,0.027124209636827996,0.125,0,0
diffuse,gaussian,whole_block,100.0,PH(16),500,0.2901807286712554,0.08424684011271116,0.08391670043532051,0.08457697979010181,normal_MC_approximation,0.3008205183204056,0.2991985493012173,0.3019018634996303,0.28933307699031396,0.125,0,0
diffuse,gaussian,whole_block,100.0,PH(4),500,0.07800667494967607,0.006125028328029825,0.006038180821449116,0.006211875834610534,normal_MC_approximation,0.08782425942479667,0.08684847606435168,0.09029122684405508,0.07503791399975689,0.125,0,0
diffuse,student_t4,clean,0.0,Adaptive(2),500,0.021547408363140584,0.0004862244454407012,,,not_reported_infinite_fourth_moment,0.02946959623802634,0.02841913933403927,0.030904023636044775,0.0,0.0,0,0
diffuse,student_t4,clean,0.0,MOM,500,0.021921021012462766,0.0005027994424479067,,,not_reported_infinite_fourth_moment,0.029698099987207023,0.029130523482062454,0.03139956939336895,0.0,0.0,0,0
diffuse,student_t4,clean,0.0,Mean,500,0.021547100424233485,0.0004862404024388678,,,not_reported_infinite_fourth_moment,0.02942540336019061,0.028674086801508278,0.031152394259123823,0.0,0.0,0,0
diffuse,student_t4,clean,0.0,PH(0.25),500,0.02185676765982879,0.0004999056782414535,,,not_reported_infinite_fourth_moment,0.029600848468837593,0.02901798377927075,0.03132233611251057,0.0,0.0,0,0
diffuse,student_t4,clean,0.0,PH(1),500,0.021604983287231556,0.0004887263191941354,,,not_reported_infinite_fourth_moment,0.02963343287306769,0.02839223806248456,0.031144467103541268,0.0,0.0,0,0
diffuse,student_t4,clean,0.0,PH(16),500,0.021546604664651574,0.0004862173312551517,,,not_reported_infinite_fourth_moment,0.029367576653490088,0.028686990574929846,0.03114802913824374,0.0,0.0,0,0
diffuse,student_t4,clean,0.0,PH(4),500,0.021541899747581396,0.0004859959867776652,,,not_reported_infinite_fourth_moment,0.029262982590898316,0.0285339026673029,0.031059196081869547,0.0,0.0,0,0
diffuse,student_t4,raw_dispersed,10.0,Adaptive(2),500,0.48830454916957106,0.23856563779167783,,,not_reported_infinite_fourth_moment,0.5061657684234449,0.5041778696766305,0.5077463732633286,0.4883030772119193,0.9650625,0,0
diffuse,student_t4,raw_dispersed,10.0,MOM,500,0.47780188698843096,0.22878917378085817,,,not_reported_infinite_fourth_moment,0.5134185249700768,0.5082924434008346,0.5185177225812568,0.4778124312862085,0.9650625,0,0
diffuse,student_t4,raw_dispersed,10.0,Mean,500,0.49803594131389456,0.24808286159855772,,,not_reported_infinite_fourth_moment,0.5085521296787375,0.5077078714967007,0.5106018460032254,0.498046875,0.9650625,0,0
diffuse,student_t4,raw_dispersed,10.0,PH(0.25),500,0.47803630505710704,0.22900193358346138,,,not_reported_infinite_fourth_moment,0.5131107019369843,0.5085805145311163,0.5174998366764043,0.47804332124755644,0.9650625,0,0
diffuse,student_t4,raw_dispersed,10.0,PH(1),500,0.48039753153586445,0.23114791030268195,,,not_reported_infinite_fourth_moment,0.5099590349177923,0.5073028654671077,0.5149406158365493,0.480391204708276,0.9650625,0,0
diffuse,student_t4,raw_dispersed,10.0,PH(16),500,0.49690832717297595,0.24696105193723614,,,not_reported_infinite_fourth_moment,0.507719455205178,0.5070277052084174,0.5087096506800604,0.4969178076081198,0.9650625,0,0
diffuse,student_t4,raw_dispersed,10.0,PH(4),500,0.48964329900678455,0.23985203458084642,,,not_reported_infinite_fourth_moment,0.5059147886823419,0.5043466553001804,0.5076729661460203,0.4896427018244606,0.9650625,0,0
diffuse,student_t4,raw_dispersed,100.0,Adaptive(2),500,4.856312377147335,23.598644313147926,,,not_reported_infinite_fourth_moment,5.029970428151348,5.011669320976435,5.042630661347666,4.8567210678487465,0.9650625,0,0
diffuse,student_t4,raw_dispersed,100.0,MOM,500,4.698393503893734,22.121040725987818,,,not_reported_infinite_fourth_moment,4.792439011692343,4.7759966488703345,4.855030184314333,4.698824936490672,0.9650625,0,0
diffuse,student_t4,raw_dispersed,100.0,Mean,500,4.980057376033969,24.801014525117534,,,not_reported_infinite_fourth_moment,4.9906475570096225,4.98953532552752,4.992251981098963,4.98046875,0.9650625,0,0
diffuse,student_t4,raw_dispersed,100.0,PH(0.25),500,4.698913703215844,22.12583233944974,,,not_reported_infinite_fourth_moment,4.796168372476631,4.778225216680492,5.183602787031479,4.6993416883508425,0.9650625,0,0
diffuse,student_t4,raw_dispersed,100.0,PH(1),500,4.704541422125357,22.17783759614458,,,not_reported_infinite_fourth_moment,4.841131380719193,4.823398513957059,4.907302390811258,4.704954610235211,0.9650625,0,0
diffuse,student_t4,raw_dispersed,100.0,PH(16),500,4.81546147276217,23.216795099775272,,,not_reported_infinite_fourth_moment,5.074196434883369,5.049484003976518,5.0979404947901825,4.815870736437067,0.9650625,0,0
diffuse,student_t4,raw_dispersed,100.0,PH(4),500,4.737668852811235,22.493648183254912,,,not_reported_infinite_fourth_moment,5.058289783010151,5.026359511920622,5.137192599937743,4.738076553228126,0.9650625,0,0
diffuse,student_t4,whole_block,10.0,Adaptive(2),500,0.0457454199271892,0.0021384815341526815,,,not_reported_infinite_fourth_moment,0.05702872609411437,0.05605619029047223,0.0580284164289198,0.0410234601538432,0.125,0,0
diffuse,student_t4,whole_block,10.0,MOM,500,0.028898643494860408,0.0008693490457961718,,,not_reported_infinite_fourth_moment,0.03877397349870429,0.037764450332098666,0.039964409264704966,0.019453686632647904,0.125,0,0
diffuse,student_t4,whole_block,10.0,Mean,500,1.249721389694346,1.5618466174975998,,,not_reported_infinite_fourth_moment,1.2602884066047353,1.2591973387915938,1.2620690795934226,1.25,0.125,0,0
diffuse,student_t4,whole_block,10.0,PH(0.25),500,0.029218138678104806,0.0008884095547179137,,,not_reported_infinite_fourth_moment,0.0391273841642239,0.03813782332586622,0.040404689751128556,0.02001937463280297,0.125,0,0
diffuse,student_t4,whole_block,10.0,PH(1),500,0.033884076863494615,0.0011876545011622105,,,not_reported_infinite_fourth_moment,0.04433339813551132,0.04317607765992081,0.04608574772622273,0.0267856989157807,0.125,0,0
diffuse,student_t4,whole_block,10.0,PH(16),500,0.28337219006483017,0.08034972207263101,,,not_reported_infinite_fourth_moment,0.29459489070960465,0.29394005827825714,0.29603660924782227,0.2830492512021497,0.125,0,0
diffuse,student_t4,whole_block,10.0,PH(4),500,0.07712229853851313,0.00599649782989926,,,not_reported_infinite_fourth_moment,0.08866153745291395,0.08767561832173479,0.08976164972104993,0.07465753840340728,0.125,0,0
diffuse,student_t4,whole_block,100.0,Adaptive(2),500,0.04579809865678658,0.0021433343151779738,,,not_reported_infinite_fourth_moment,0.057040866925505265,0.05617693880144449,0.057879525294322484,0.04108341376931845,0.125,0,0
diffuse,student_t4,whole_block,100.0,MOM,500,0.028927747512733654,0.0008710655421286773,,,not_reported_infinite_fourth_moment,0.03879185974718398,0.03781930435908369,0.039977091182726514,0.019496691262792604,0.125,0,0
diffuse,student_t4,whole_block,100.0,Mean,500,12.499561870621882,156.23909001135405,,,not_reported_infinite_fourth_moment,12.510156552193477,12.509042463852424,12.511724539665215,12.5,0.125,0,0
diffuse,student_t4,whole_block,100.0,PH(0.25),500,0.02924785294546938,0.0008901794048289416,,,not_reported_infinite_fourth_moment,0.039148534754276,0.0381706204405132,0.040521320721599044,0.020062738537644682,0.125,0,0
diffuse,student_t4,whole_block,100.0,PH(1),500,0.0339207603311489,0.0011901670926450483,,,not_reported_infinite_fourth_moment,0.04435781619164133,0.043215126149653546,0.04622367375382678,0.026833000644308925,0.125,0,0
diffuse,student_t4,whole_block,100.0,PH(16),500,0.28941232793559984,0.0838095575267537,,,not_reported_infinite_fourth_moment,0.300632891781755,0.30003200550219333,0.30207694462563345,0.2891066659072901,0.125,0,0
diffuse,student_t4,whole_block,100.0,PH(4),500,0.07726063980619184,0.006017878606344137,,,not_reported_infinite_fourth_moment,0.0887441446343926,0.08783048261558705,0.09032361008974053,0.07480217926443271,0.125,0,0
