m,p,lambda,precision,higher_precision,full_support_terms,exact_pmf_mass_error,reported_underflowed_terms,reported_u,decimal_u,abs_difference_u,precision_difference_u,reported_theta,decimal_theta,abs_difference_theta,precision_difference_theta,reported_A,decimal_A,abs_difference_A,precision_difference_A,reported_B,decimal_B,abs_difference_B,precision_difference_B,reported_V,decimal_V,abs_difference_V,precision_difference_V,score_residual,iterations,decimal_pmf_mass_error,root_bracket_lower,root_bracket_upper,left_score_lower,right_score_upper,certified_u_error_bound,certified_theta_error_bound,certified_A_lower,certified_A_upper,certified_B_lower,certified_B_upper,certified_V_lower,certified_V_upper,correct_rounding_zero_terms,correct_rounding_zero_mass_upper,below_smallest_normal_mass_upper,production_zero_mask_source,production_zero_terms,production_zero_mass_upper
16,0.1,1.0,80,100,17,0,0,-0.0693189779825881,-0.069318977982587889832807489623103966612467113789290388221165660344295886505263017,2.10167192510376896033387532886210709611778834339655704113494736983E-16,6.24598281557403807185E-81,-0.017329744495647025,-0.017329744495646972458201872405775991653116778447322597055291415086073971626315754,5.2541798127594224008346883221552677402944708584913926028373684246E-17,1.31149570389350951796E-81,0.5587851467585498,0.55878514675854980620161037271241299382981436309979475371245878536146679769676537,6.20161037271241299382981436309979475371245878536146679769676537E-18,4.69799886869026885420E-80,0.34685301962186255,0.34685301962186267656290208515140921827753457813177161431096200279836408381625498,1.2656290208515140921827753457813177161431096200279836408381625498E-16,7.0595601386692801538E-81,1.1108509039288672,1.1108509039288678366853723720159687864775751937186270547946171415213810947191537,6.366853723720159687864775751937186270547946171415213810947191537E-16,1.41875619730843743070E-79,2.1351661094466805E-80,6,0E-16,-0.069318977982587889832807489623103966612467113789290388221166660344295886505263017,-0.069318977982587889832807489623103966612467113789290388221164660344295886505263017,5.58785146758549806029226167019948174E-61,-5.58785146758549806007506622930124548E-61,1.000000000000000000000E-60,2.5000000000000000000000000000000000000000000000000000000000000000000000000000001E-61,0.55878514675854980620161037271241299382981436309979475371245278536146679769676508,0.55878514675854980620161037271241299382981436309979475371246478536146679769676577,0.34685301962186267656290208515140921827753457813177161431096000279836408381625467,0.34685301962186267656290208515140921827753457813177161431096400279836408381625530,1.1108509039288678366853723720159687864775751937186270547945868805093451810761185,1.1108509039288678366853723720159687864775751937186270547946474025334170083621885,0,0,0,scipy.stats.binom.pmf; mask only,0,0
32,0.1,1.0,80,100,33,0,0,-0.04807953705830402,-0.048079537058304837996362373235125310771503896613652144310392700923217800897749627,8.17996362373235125310771503896613652144310392700923217800897749627E-16,2.148112678155181719704E-80,-0.00849934167255917,-0.0084993416725593154812249274939212973057568516231074766801430859128954799755780755,1.454812249274939212973057568516231074766801430859128954799755780755E-16,3.852115210390599339274E-81,0.564177038819669,0.56417703881966869961108651442276837435601511909827360359902336651667709584269018,3.0038891348557723162564398488090172639640097663348332290415730982E-16,3.3543528691637161131E-81,0.3445238900111529,0.34452389001115286687049649857085396333963860458544063571063556863156335407529908,3.312950350142914603666036139541455936428936443136843664592470092E-17,1.71773713541883821087E-80,1.0824018556158417,1.0824018556158425869250660881950188532080107736829585052768932658854373904540641,8.869250660881950188532080107736829585052768932658854373904540641E-16,9.785428035179913491E-81,6.1549209338105117249265143369590E-81,6,0E-32,-0.048079537058304837996362373235125310771503896613652144310393700923217800897749627,-0.048079537058304837996362373235125310771503896613652144310391700923217800897749627,5.641770388196686994272622678899961526338886910354327E-61,-5.641770388196686994493923888667468860837516186691501E-61,1.000000000000000000000E-60,1.7677669529663688110021109052621225982120898442211850914708496724884155980776339E-61,0.56417703881966869961108651442276837435601511909827360359901736651667709584268971,0.56417703881966869961108651442276837435601511909827360359902936651667709584269057,0.34452389001115286687049649857085396333963860458544063571063356863156335407529872,0.34452389001115286687049649857085396333963860458544063571063756863156335407529944,1.0824018556158425869250660881950188532080107736829585052768639598207552902611743,1.0824018556158425869250660881950188532080107736829585052769225719501194906469544,0,0,0,scipy.stats.binom.pmf; mask only,0,0
64,0.1,1.0,80,100,65,0,0,-0.03371553974357768,-0.033715539743577325629032290152644843146991753496943703870957371735271034583685703,3.54370967709847355156853008246503056296129042628264728965416314297E-16,1.196022090775505073035E-80,-0.00421444246794721,-0.0042144424679471657036290362690806053933739691871179629838696714669088793229607129,4.42963709637309193946066260308128820370161303285330911206770392871E-17,1.520027613469381341294E-81,0.5644584000997119,0.56445840009971199726364056567677432432657734275420944502737135338562591222003292,9.726364056567677432432657734275420944502737135338562591222003292E-17,2.46377533374982031039E-80,0.34444711450474663,0.34444711450474668590832321174039404401162955579959387138830884543353159697450938,5.590832321174039404401162955579959387138830884543353159697450938E-17,3.91414216413263954139E-80,1.0810820836478634,1.0810820836478633121742850997852766391500825401335809059953074086914551642846179,8.78257149002147233608499174598664190940046925913085448357153821E-17,8.546150242752644627E-81,6.39149033574656140213192294040102656434863640183281671717629860E-82,6,0E-64,-0.033715539743577325629032290152644843146991753496943703870958371735271034583685703,-0.033715539743577325629032290152644843146991753496943703870956371735271034583685703,5.6445840009971199710861509013560198467812974760388085254851990946432260737513018E-61,-5.6445840009971199709646099400857716264359125351480184804584818318194624501189494E-61,1.000000000000000000000E-60,1.2500000000000000000000000000000000000000000000000000000000000000000000000000001E-61,0.56445840009971199726364056567677432432657734275420944502736535338562591222003245,0.56445840009971199726364056567677432432657734275420944502737735338562591222003348,0.34444711450474668590832321174039404401162955579959387138830684543353159697450893,0.34444711450474668590832321174039404401162955579959387138831084543353159697450988,1.0810820836478633121742850997852766391500825401335809059952781484227040290976510,1.0810820836478633121742850997852766391500825401335809059953366689602062994715845,0,0,0,scipy.stats.binom.pmf; mask only,0,0
256,0.1,0.5,80,100,257,0,0,-0.02240926119386949,-0.022409261193869179003333201230488275969814856186143471791569843270454591813678338,3.10996666798769511724030185143813856528208430156729545408186321662E-16,1.13021568953471765028E-81,-0.001400578824616843,-0.0014005788246168236877083250769055172481134285116339669869731152044034119883548961,1.93122916749230944827518865714883660330130268847955965880116451039E-17,4.5638480595919853142E-83,0.34487292972137124,0.34487292972137119336861050767797975001103135036272825009438865633969508941874954,4.663138949232202024998896864963727174990561134366030491058125046E-17,4.19267512315152832681E-80,0.14049218352996865,0.14049218352996869036798477785406017278820653595399968751147850423362339462625764,4.036798477785406017278820653595399968751147850423362339462625764E-17,1.1106075505736828004E-81,1.1812285889395204,1.1812285889395210639946494820869365847578765651391497408978172787228117113737066,6.639946494820869365847578765651391497408978172787228117113737066E-16,3.17688216365957025834E-79,2.2833885113967390488955324006751657643196093143289140601539562582842730971816710E-81,6,4E-80,-0.022409261193869179003333201230488275969814856186143471791570843270454591813678338,-0.022409261193869179003333201230488275969814856186143471791568843270454591813678338,3.4487292972137119322595867348602715902422880448932951476541288367424052056725215E-61,-3.4487292972137119324254076033814558241288357063037989444751667903679348142715868E-61,1.000000000000000000000E-60,6.2500000000000000000000000000000000000000000000000000000000000000000000000000004E-62,0.34487292972137119336861050767797975001103135036272825009437665633969508941874893,0.34487292972137119336861050767797975001103135036272825009440065633969508941875144,0.14049218352996869036798477785406017278820653595399968751147750423362339462625696,0.14049218352996869036798477785406017278820653595399968751147950423362339462625940,1.1812285889395210639946494820869365847578765651391497408977266682336933671361341,1.1812285889395210639946494820869365847578765651391497408979078892119300556112793,0,0,0,scipy.stats.binom.pmf; mask only,0,0
256,0.1,1.0,80,100,257,0,0,-0.01675864909129614,-0.016758649091295843176160667603968622636053166126044571650034779425481539146799002,2.96823839332396031377363946833873955428349965220574518460853200998E-16,1.385652472654441859551E-80,-0.0010474155682060088,-0.0010474155682059901985100417252480389147533228828777857281271737140925961966749376,1.86014899582747519610852466771171222142718728262859074038033250624E-17,8.91032795409026162219E-82,0.5647874350886892,0.56478743508868908271953035100998906621798016538794105074381128109665299179671880,1.1728046964899001093378201983461205894925618871890334700820328120E-16,2.56466778270706826347E-80,0.3443495665714824,0.34434956657148260111754777648536388637212146613259751363877626610878388527495712,2.0111754777648536388637212146613259751363877626610878388527495712E-16,1.08712762174162349632E-80,1.0795170052407446,1.0795170052407456653814587641295993273343230156867289341809085324236714178719067,1.0653814587641295993273343230156867289341809085324236714178719067E-15,4.4645115735073741333E-80,8.0949859851074992540301343557038264135827187914697688649582108251838509821676672E-82,6,4E-80,-0.016758649091295843176160667603968622636053166126044571650035779425481539146799002,-0.016758649091295843176160667603968622636053166126044571650033779425481539146799002,5.6478743508868908252306902199062030618504901866343691574286846958998086599900233E-61,-5.6478743508868908253030702760187308427354495802768568289766666553064489993342756E-61,1.000000000000000000000E-60,6.2500000000000000000000000000000000000000000000000000000000000000000000000000004E-62,0.56478743508868908271953035100998906621798016538794105074380528109665299179671791,0.56478743508868908271953035100998906621798016538794105074381728109665299179672072,0.34434956657148260111754777648536388637212146613259751363877426610878388527495623,0.34434956657148260111754777648536388637212146613259751363877826610878388527495896,1.0795170052407456653814587641295993273343230156867289341808793261093942352491361,1.0795170052407456653814587641295993273343230156867289341809377387379486004946763,0,0,0,scipy.stats.binom.pmf; mask only,0,0
256,0.1,2.0,80,100,257,0,0,-0.009590211739509321,-0.0095902117395109211335680880180474064956305355666409036175894914875201628970622880,1.6001335680880180474064956305355666409036175894914875201628970622880E-15,1.175521683722141082640E-81,-0.0005993882337193326,-0.0005993882337194325708480055011279629059769084729150564760993432179700101810663930,9.99708480055011279629059769084729150564760993432179700101810663930E-17,7.3470105232633817665E-83,0.7846654656302127,0.78466546563021262582297763368831112204464022346967069109118899885366427556403833,7.417702236631168887795535977653032930890881100114633572443596167E-17,4.92823120775250631251E-80,0.6288532042167129,0.62885320421671329889584882257697962786898735384280543587097504115841629783307023,3.9889584882257697962786898735384280543587097504115841629783307023E-16,2.78141107818976672147E-80,1.0213631858874552,1.0213631858874561273236809240899477644145830492120578269861312486458683290302569,9.273236809240899477644145830492120578269861312486458683290302569E-16,1.29489661096155144991E-79,2.0296691925376703798191627156751653078615855476435211313632395352778472329542487E-80,5,4E-80,-0.0095902117395109211335680880180474064956305355666409036175904914875201628970622880,-0.0095902117395109211335680880180474064956305355666409036175884914875201628970622880,7.8466546563021262556418981353517127160375822941706719386386818408908456579169962E-61,-7.8466546563021262558042086628053846054837247761047839318926269956282992878016691E-61,1.0000000000000000000000E-60,6.2500000000000000000000000000000000000000000000000000000000000000000000000000004E-62,0.78466546563021262582297763368831112204464022346967069109118599885366427556403743,0.78466546563021262582297763368831112204464022346967069109119199885366427556404016,0.62885320421671329889584882257697962786898735384280543587097104115841629783306918,0.62885320421671329889584882257697962786898735384280543587097904115841629783307220,1.0213631858874561273236809240899477644145830492120578269861169420484175014072333,1.0213631858874561273236809240899477644145830492120578269861455552433191566532797,0,0,0,scipy.stats.binom.pmf; mask only,0,0
256,0.1,4.0,80,100,257,0,0,-0.0038971559330612487,-0.0038971559330609482744706442689706038383033014874417718683346525984674127868602762,3.004255293557310293961616966985125582281316653474015325872131397238E-16,9.765360461262066256934E-81,-0.00024357224581632805,-0.00024357224581630926715441526681066273989395634296511074177091578740421329917876726,1.878284558473318933726010604365703488925822908421259578670082123274E-17,6.128350288288791410584E-82,0.9227505292815246,0.92275052928152457733675875169054508456038025784794603583693612311333543591066719,2.266324124830945491543961974215205396416306387688666456408933281E-17,6.5888199594280885810E-81,0.8538763147912529,0.85387631479125359744651696589154333218735863034559600779109607191766319451082004,6.9744651696589154333218735863034559600779109607191766319451082004E-16,2.80810624849347900831E-80,1.002827791504697,1.0028277915046978330330969151031676657300082109930632454492801890166210854428522,8.330330969151031676657300082109930632454492801890166210854428522E-16,1.3865143965496539344E-80,4.9600072075900737131676369458471495927374274322510914000660845583788812023277786E-81,5,4E-80,-0.0038971559330609482744706442689706038383033014874417718683356525984674127868602762,-0.0038971559330609482744706442689706038383033014874417718683336525984674127868602762,9.2275052928152457708692593385288452074679558216210463592890028683389252976720050E-61,-9.2275052928152457712783248445341093789776737746689020264802426307044775597706585E-61,1.0000000000000000000000E-60,6.2500000000000000000000000000000000000000000000000000000000000000000000000000004E-62,0.92275052928152457733675875169054508456038025784794603583693462311333543591066636,0.92275052928152457733675875169054508456038025784794603583693762311333543591066916,0.85387631479125359744651696589154333218735863034559600779108807191766319451081898,0.85387631479125359744651696589154333218735863034559600779110407191766319451082217,1.0028277915046978330330969151031676657300082109930632454492675331413550871825164,1.0028277915046978330330969151031676657300082109930632454492928448918870837031869,0,0,0,scipy.stats.binom.pmf; mask only,0,0
256,0.25,1.0,80,100,257,0,0,-0.007252329160882334,-0.0072523291608821468585190617856933738892356631130375136161671641117711478406942551,1.871414809382143066261107643368869624863838328358882288521593057449E-16,1.316517259344692358351E-81,-0.0004532705725551459,-0.00045327057255513417865744136160583586807722894456484460101044775698569674004339094,1.172134255863839416413192277105543515539898955224301430325995660906E-17,7.85323287090432723969E-83,0.5646898790056954,0.56468987900569542922882990793887632604546544721913675084625182916780934470216046,2.922882990793887632604546544721913675084625182916780934470216046E-17,8.1872171681656469428E-81,0.3444732753484403,0.34447327534844037200358043463848045235455016753071288488310582341902315399190226,7.200358043463848045235455016753071288488310582341902315399190226E-17,2.67163213795237177308E-80,1.080277987410503,1.0802779874105034195084888351949917686257417969832645856719544131243565603135650,4.195084888351949917686257417969832645856719544131243565603135650E-16,3.6756628573054874846E-80,3.4886378210828401145121375785639142096199204550923976448389089684572530352077769E-81,5,0E-79,-0.0072523291608821468585190617856933738892356631130375136161681641117711478406942551,-0.0072523291608821468585190617856933738892356631130375136161661641117711478406942551,5.6468987900569542901810111851632799603656813214801770640656966543898926598152911E-61,-5.6468987900569542901021177156902452829634913251401911782613012372078436823995194E-61,1.0000000000000000000000E-60,6.2500000000000000000000000000000000000000000000000000000000000000000000000000004E-62,0.56468987900569542922882990793887632604546544721913675084624582916780934470215954,0.56468987900569542922882990793887632604546544721913675084625782916780934470216195,0.34447327534844037200358043463848045235455016753071288488310382341902315399190128,0.34447327534844037200358043463848045235455016753071288488310782341902315399190365,1.0802779874105034195084888351949917686257417969832645856719251845096774475188893,1.0802779874105034195084888351949917686257417969832645856719836417390356731082398,0,0,0,scipy.stats.binom.pmf; mask only,0,0
512,0.1,1.0,80,100,513,0,91,-0.011838606167841232,-0.011838606167841179944959027699330296904444085279205499779216241001941017538275530,5.2055040972300669703095555914720794500220783758998058982461724470E-17,1.645598649347649216393E-80,-0.0005231974188173389,-0.00052319741881733657144306714593079213588544891042827489143758225613510845489787964,2.32855693285406920786411455108957172510856241774386489154510212036E-18,7.160193591033931788305E-82,0.5648395020546934,0.56483950205469339162042342666959016863653247734541048543230443134610444901196511,8.37957657333040983136346752265458951456769556865389555098803489E-18,6.91162646595397019938E-80,0.344334813969164,0.34433481396916394594110612156083639777647475446117192457859982334939445783053645,5.405889387843916360222352524553882807542140017665060554216946355E-17,5.6501354937485687388E-81,1.079271754353315,1.0792717543533147128039663113638590017991315925202882057530210905748420898002954,2.871960336886361409982008684074797117942469789094251579101997046E-16,2.67728209843220535266E-79,2.8042038037042064376661177340087140185486888737066456683406078689056751104531755E-81,6,0E-79,-0.011838606167841179944959027699330296904444085279205499779217241001941017538275530,-0.011838606167841179944959027699330296904444085279205499779215241001941017538275530,5.6483950205469339142551487712646246208376858503961522494423315158422967479116670E-61,-5.6483950205469339141228913870987235204014257158878620461531981717383904522857746E-61,1.000000000000000000000E-60,4.4194173824159220275052772631553064955302246105529627286771241812210389951940847E-62,0.56483950205469339162042342666959016863653247734541048543229843134610444901196411,0.56483950205469339162042342666959016863653247734541048543231043134610444901196927,0.34433481396916394594110612156083639777647475446117192457859782334939445783053536,0.34433481396916394594110612156083639777647475446117192457860182334939445783054039,1.0792717543533147128039663113638590017991315925202882057529918927410604768683122,1.0792717543533147128039663113638590017991315925202882057530502884086237027322755,91,8.7117013219888821813463187075840254517108411026025046551079001226049161627748350E-325,7.8050424764732114949782594636914441506160634160072381920170456112785697284251167E-309,scipy.stats.binom.pmf; mask only,91,8.7117013219888821813463187075840254517108411026025046551079001226049161627748350E-325
1024,0.1,1.0,80,100,1025,0,421,-0.008367084165640784,-0.0083670841656410854004256961731762965961777882977496543196082338556908797875739782,3.014004256961731762965961777882977496543196082338556908797875739782E-16,2.8649614583325229013347E-80,-0.0002614713801762745,-0.00026147138017628391876330300541175926863055588430467669748775730799033999336168682,9.41876330300541175926863055588430467669748775730799033999336168682E-18,8.965504557289134066671E-82,0.5648652642127191,0.56486526421271914737244266285759849425219099427388897962721654712492610765473106,4.737244266285759849425219099427388897962721654712492610765473106E-17,4.46424509518673613549E-80,0.3443275867326646,0.34432758673266452998124615627717350176614943458874286805324791593061298898071668,7.001875384372282649823385056541125713194675208406938701101928332E-17,2.32094690215038022052E-80,1.0791506598279772,1.0791506598279767834341093077410261170820414665506783154384442290004622911363891,4.165658906922589738829179585334493216845615557709995377088636109E-16,2.69619136532221031605E-79,4.6675922859975347551751714323569791139459740678349641422787616577165281284621589E-80,5,0E-79,-0.0083670841656410854004256961731762965961777882977496543196092338556908797875739782,-0.0083670841656410854004256961731762965961777882977496543196072338556908797875739782,5.6486526421271914712737556198589611019412912051592470367483844576928036834296442E-61,-5.6486526421271914709652307784819583792942674733895474249495481523246506291530479E-61,1.0000000000000000000000E-60,3.1250000000000000000000000000000000000000000000000000000000000000000000000000001E-62,0.56486526421271914737244266285759849425219099427388897962721054712492610765472961,0.56486526421271914737244266285759849425219099427388897962722254712492610765473939,0.34432758673266452998124615627717350176614943458874286805324591593061298898071532,0.34432758673266452998124615627717350176614943458874286805324991593061298898072507,1.0791506598279767834341093077410261170820414665506783154384150353567458562575325,1.0791506598279767834341093077410261170820414665506783154384734226441787260152415,421,1.8057285528786385313854867162208371911774417656074854431699723584584719553330676E-324,4.5071993359832998371240710246618878838845127148043310702526095740321248219275367E-309,scipy.stats.binom.pmf; mask only,421,1.8057285528786385313854867162208371911774417656074854431699723584584719553330676E-324
4096,0.1,1.0,80,100,4097,0,2788,-0.004182015974010617,-0.0041820159740102510150674125332781391770542930894409258039523494176669141968865952,3.659849325874667218608229457069105590741960476505823330858031134048E-16,2.1534984333565386567905E-80,-6.534399959391589e-05,-0.00006534399959391017211042832083247092464147332952251446568675545965104553432635305,5.71788957167916752907535852667047748553431324454034895446567364695E-18,3.3648413021195916512352E-82,0.5648844682081764,0.56488446820817625292706772266936260953162224084827777507568492191007912664403063,1.4707293227733063739046837775915172222492431507808992087335596937E-16,3.00164925818373737371E-80,0.3443222307264214,0.34432223072642143924651362774941890319801683816701853048383291506887033577719731,3.924651362774941890319801683816701853048383291506887033577719731E-17,9.04700699522030490217E-80,1.0790605017462123,1.0790605017462129326938329975382155273814857139066634854557053034171223556861495,6.326938329975382155273814857139066634854557053034171223556861495E-16,1.42789002738640449955E-79,1.8172722765427926812468765759500465004737510611772201984999101966089652384520111E-81,5,0E-79,-0.0041820159740102510150674125332781391770542930894409258039533494176669141968865952,-0.0041820159740102510150674125332781391770542930894409258039513494176669141968865952,5.6488446820817625248995260525347840970657470176157833820125789072635349130603900E-61,-5.6488446820817625250156746795138269262424906938144190939683467227558525758650345E-61,1.0000000000000000000000E-60,1.5625000000000000000000000000000000000000000000000000000000000000000000000000001E-62,0.56488446820817625292706772266936260953162224084827777507567892191007912664402845,0.56488446820817625292706772266936260953162224084827777507569092191007912664406595,0.34432223072642143924651362774941890319801683816701853048383091506887033577719503,0.34432223072642143924651362774941890319801683816701853048383491506887033577723249,1.0790605017462129326938329975382155273814857139066634854556761128942232853163611,1.0790605017462129326938329975382155273814857139066634854557344939400214260559144,2788,1.8732314188203578261090288993255673320009570505300575302813130066141066470786768E-324,2.4588101797037946078556257566904977914513930667709614079374304371479825081807466E-308,scipy.stats.binom.pmf; mask only,2788,1.8732314188203578261090288993255673320009570505300575302813130066141066470786768E-324
