cell,distribution,schedule,a,k,m,n,p,lambda,metric,reps,coverage,mc_low,mc_high,mean_plugin_length,mean_oracle_length,solver_failures,covariance_failures,certificate_failures
0,bernoulli,slow,4,16,256,4096,0.1,1.0,plugin_mean_covered,2000,0.915,0.9019679515692871,0.926440899187273,0.06193053571155836,0.06363746287773428,0,0,0
0,bernoulli,slow,4,16,256,4096,0.1,1.0,plugin_target_covered,2000,0.916,0.9030311781255179,0.9273738385364797,0.06193053571155836,0.06363746287773428,0,0,0
0,bernoulli,slow,4,16,256,4096,0.1,1.0,oracle_mean_covered,2000,0.941,0.9298033851481019,0.9505057791498329,0.06193053571155836,0.06363746287773428,0,0,0
0,bernoulli,slow,4,16,256,4096,0.1,1.0,oracle_target_covered,2000,0.945,0.9341286162883299,0.9541652116313549,0.06193053571155836,0.06363746287773428,0,0,0
0,bernoulli,slow,4,16,256,4096,0.1,1.0,mean_covered,2000,0.9255,0.9131584426965994,0.9362101500670542,0.06193053571155836,0.06363746287773428,0,0,0
0,bernoulli,slow,4,16,256,4096,0.1,1.0,mean_t_covered,2000,0.9435,0.9325050206793213,0.9527945583822073,0.06193053571155836,0.06363746287773428,0,0,0
1,bernoulli,boundary,4,64,64,4096,0.1,1.0,plugin_mean_covered,2000,0.9355,0.9238775789943177,0.9454526728237109,0.06346617922764808,0.06368357680908555,0,0,0
1,bernoulli,boundary,4,64,64,4096,0.1,1.0,plugin_target_covered,2000,0.9485,0.9379251286390549,0.9573552799496612,0.06346617922764808,0.06368357680908555,0,0,0
1,bernoulli,boundary,4,64,64,4096,0.1,1.0,oracle_mean_covered,2000,0.9495,0.9390120477558316,0.958264526738322,0.06346617922764808,0.06368357680908555,0,0,0
1,bernoulli,boundary,4,64,64,4096,0.1,1.0,oracle_target_covered,2000,0.9555,0.9455562350551854,0.9636973348715931,0.06346617922764808,0.06368357680908555,0,0,0
1,bernoulli,boundary,4,64,64,4096,0.1,1.0,mean_covered,2000,0.9465,0.935754264314357,0.955533812463484,0.06346617922764808,0.06368357680908555,0,0,0
1,bernoulli,boundary,4,64,64,4096,0.1,1.0,mean_t_covered,2000,0.9505,0.9400999950103993,0.9591727453891917,0.06346617922764808,0.06368357680908555,0,0,0
2,bernoulli,many,4,256,16,4096,0.1,1.0,plugin_mean_covered,2000,0.813,0.7953174978047974,0.829482430597138,0.06442588128810246,0.06455442231787469,0,0,0
2,bernoulli,many,4,256,16,4096,0.1,1.0,plugin_target_covered,2000,0.9495,0.9390120477558316,0.958264526738322,0.06442588128810246,0.06455442231787469,0,0,0
2,bernoulli,many,4,256,16,4096,0.1,1.0,oracle_mean_covered,2000,0.8205,0.8030713141807578,0.836699858511959,0.06442588128810246,0.06455442231787469,0,0,0
2,bernoulli,many,4,256,16,4096,0.1,1.0,oracle_target_covered,2000,0.9515,0.9411889997479057,0.9600799065571228,0.06442588128810246,0.06455442231787469,0,0,0
2,bernoulli,many,4,256,16,4096,0.1,1.0,mean_covered,2000,0.9525,0.9422790928066445,0.9609859794038216,0.06442588128810246,0.06455442231787469,0,0,0
2,bernoulli,many,4,256,16,4096,0.1,1.0,mean_t_covered,2000,0.954,0.9439163444279334,0.9623429766406889,0.06442588128810246,0.06455442231787469,0,0,0
3,bernoulli,slow,5,32,1024,32768,0.1,1.0,plugin_mean_covered,2000,0.9325,0.9206548165175205,0.9426869375841956,0.02235703993348148,0.022495422768617324,0,0,0
3,bernoulli,slow,5,32,1024,32768,0.1,1.0,plugin_target_covered,2000,0.931,0.9190457750413559,0.9413017302022042,0.02235703993348148,0.022495422768617324,0,0,0
3,bernoulli,slow,5,32,1024,32768,0.1,1.0,oracle_mean_covered,2000,0.9475,0.9368392097083899,0.9564450329748887,0.02235703993348148,0.022495422768617324,0,0,0
3,bernoulli,slow,5,32,1024,32768,0.1,1.0,oracle_target_covered,2000,0.9455,0.9346702670259668,0.9546216438464368,0.02235703993348148,0.022495422768617324,0,0,0
3,bernoulli,slow,5,32,1024,32768,0.1,1.0,mean_covered,2000,0.9365,0.9249532738540492,0.9463731438694168,0.02235703993348148,0.022495422768617324,0,0,0
3,bernoulli,slow,5,32,1024,32768,0.1,1.0,mean_t_covered,2000,0.9485,0.9379251286390549,0.9573552799496612,0.02235703993348148,0.022495422768617324,0,0,0
4,bernoulli,boundary,5,128,256,32768,0.1,1.0,plugin_mean_covered,2000,0.9395,0.9281849047504186,0.94913001068936,0.022436800927781157,0.022499240769176535,0,0,0
4,bernoulli,boundary,5,128,256,32768,0.1,1.0,plugin_target_covered,2000,0.9475,0.9368392097083899,0.9564450329748887,0.022436800927781157,0.022499240769176535,0,0,0
4,bernoulli,boundary,5,128,256,32768,0.1,1.0,oracle_mean_covered,2000,0.9475,0.9368392097083899,0.9564450329748887,0.022436800927781157,0.022499240769176535,0,0,0
4,bernoulli,boundary,5,128,256,32768,0.1,1.0,oracle_target_covered,2000,0.9485,0.9379251286390549,0.9573552799496612,0.022436800927781157,0.022499240769176535,0,0,0
4,bernoulli,boundary,5,128,256,32768,0.1,1.0,mean_covered,2000,0.9465,0.935754264314357,0.955533812463484,0.022436800927781157,0.022499240769176535,0,0,0
4,bernoulli,boundary,5,128,256,32768,0.1,1.0,mean_t_covered,2000,0.9475,0.9368392097083899,0.9564450329748887,0.022436800927781157,0.022499240769176535,0,0,0
5,bernoulli,many,5,1024,32,32768,0.1,1.0,plugin_mean_covered,2000,0.6615,0.6404694710169166,0.6819113227112387,0.022514818364056558,0.022529283666665952,0,0,0
5,bernoulli,many,5,1024,32,32768,0.1,1.0,plugin_target_covered,2000,0.9495,0.9390120477558316,0.958264526738322,0.022514818364056558,0.022529283666665952,0,0,0
5,bernoulli,many,5,1024,32,32768,0.1,1.0,oracle_mean_covered,2000,0.659,0.637937302849784,0.6794530761147776,0.022514818364056558,0.022529283666665952,0,0,0
5,bernoulli,many,5,1024,32,32768,0.1,1.0,oracle_target_covered,2000,0.9475,0.9368392097083899,0.9564450329748887,0.022514818364056558,0.022529283666665952,0,0,0
5,bernoulli,many,5,1024,32,32768,0.1,1.0,mean_covered,2000,0.953,0.9428245575283534,0.9614385976348314,0.022514818364056558,0.022529283666665952,0,0,0
5,bernoulli,many,5,1024,32,32768,0.1,1.0,mean_t_covered,2000,0.9535,0.9433703066271119,0.9618909314887917,0.022514818364056558,0.022529283666665952,0,0,0
6,bernoulli,slow,6,64,4096,262144,0.1,1.0,plugin_mean_covered,2000,0.9425,0.9314237261895166,0.9518796869665744,0.007886932712003065,0.00795300075351095,0,0,0
6,bernoulli,slow,6,64,4096,262144,0.1,1.0,plugin_target_covered,2000,0.9415,0.9303432888168623,0.9509639584337912,0.007886932712003065,0.00795300075351095,0,0,0
6,bernoulli,slow,6,64,4096,262144,0.1,1.0,oracle_mean_covered,2000,0.95,0.9395558910656041,0.9587187663812682,0.007886932712003065,0.00795300075351095,0,0,0
6,bernoulli,slow,6,64,4096,262144,0.1,1.0,oracle_target_covered,2000,0.9495,0.9390120477558316,0.958264526738322,0.007886932712003065,0.00795300075351095,0,0,0
6,bernoulli,slow,6,64,4096,262144,0.1,1.0,mean_covered,2000,0.947,0.9362966169363569,0.9559895427942029,0.007886932712003065,0.00795300075351095,0,0,0
6,bernoulli,slow,6,64,4096,262144,0.1,1.0,mean_t_covered,2000,0.9505,0.9400999950103993,0.9591727453891917,0.007886932712003065,0.00795300075351095,0,0,0
7,bernoulli,boundary,6,512,512,262144,0.1,1.0,plugin_mean_covered,2000,0.943,0.9319642649870394,0.9523372311217704,0.007964974511713399,0.007953779213068573,0,0,0
7,bernoulli,boundary,6,512,512,262144,0.1,1.0,plugin_target_covered,2000,0.9505,0.9400999950103993,0.9591727453891917,0.007964974511713399,0.007953779213068573,0,0,0
7,bernoulli,boundary,6,512,512,262144,0.1,1.0,oracle_mean_covered,2000,0.947,0.9362966169363569,0.9559895427942029,0.007964974511713399,0.007953779213068573,0,0,0
7,bernoulli,boundary,6,512,512,262144,0.1,1.0,oracle_target_covered,2000,0.952,0.9417339082484883,0.9605330810092589,0.007964974511713399,0.007953779213068573,0,0,0
7,bernoulli,boundary,6,512,512,262144,0.1,1.0,mean_covered,2000,0.952,0.9417339082484883,0.9605330810092589,0.007964974511713399,0.007953779213068573,0,0,0
7,bernoulli,boundary,6,512,512,262144,0.1,1.0,mean_t_covered,2000,0.9525,0.9422790928066445,0.9609859794038216,0.007964974511713399,0.007953779213068573,0,0,0
8,bernoulli,many,6,4096,64,262144,0.1,1.0,plugin_mean_covered,2000,0.4575,0.4357685014943605,0.47939444752454585,0.007959427864828998,0.007960447101135694,0,0,0
8,bernoulli,many,6,4096,64,262144,0.1,1.0,plugin_target_covered,2000,0.9565,0.9466510236907602,0.9645987121414559,0.007959427864828998,0.007960447101135694,0,0,0
8,bernoulli,many,6,4096,64,262144,0.1,1.0,oracle_mean_covered,2000,0.4575,0.4357685014943605,0.47939444752454585,0.007959427864828998,0.007960447101135694,0,0,0
8,bernoulli,many,6,4096,64,262144,0.1,1.0,oracle_target_covered,2000,0.957,0.9471988913295474,0.9650489274553872,0.007959427864828998,0.007960447101135694,0,0,0
8,bernoulli,many,6,4096,64,262144,0.1,1.0,mean_covered,2000,0.96,0.9504930634412283,0.9677432530600187,0.007959427864828998,0.007960447101135694,0,0,0
8,bernoulli,many,6,4096,64,262144,0.1,1.0,mean_t_covered,2000,0.96,0.9504930634412283,0.9677432530600187,0.007959427864828998,0.007960447101135694,0,0,0
9,gaussian,reference,0,16,256,4096,,1.0,plugin_mean_covered,2000,0.936,0.9244153341233007,0.9459130006474469,0.062230582378385205,0.0636231237335211,0,0,0
9,gaussian,reference,0,16,256,4096,,1.0,plugin_target_covered,2000,0.936,0.9244153341233007,0.9459130006474469,0.062230582378385205,0.0636231237335211,0,0,0
9,gaussian,reference,0,16,256,4096,,1.0,oracle_mean_covered,2000,0.951,0.9406443633026171,0.9596264600496927,0.062230582378385205,0.0636231237335211,0,0,0
9,gaussian,reference,0,16,256,4096,,1.0,oracle_target_covered,2000,0.951,0.9406443633026171,0.9596264600496927,0.062230582378385205,0.0636231237335211,0,0,0
9,gaussian,reference,0,16,256,4096,,1.0,mean_covered,2000,0.9415,0.9303432888168623,0.9509639584337912,0.062230582378385205,0.0636231237335211,0,0,0
9,gaussian,reference,0,16,256,4096,,1.0,mean_t_covered,2000,0.959,0.9493936413450841,0.9668465092507255,0.062230582378385205,0.0636231237335211,0,0,0
10,gaussian,reference,0,32,1024,32768,,1.0,plugin_mean_covered,2000,0.9285,0.9163673453226996,0.9389897451572665,0.022001948840380304,0.022494171116121765,0,0,0
10,gaussian,reference,0,32,1024,32768,,1.0,plugin_target_covered,2000,0.9285,0.9163673453226996,0.9389897451572665,0.022001948840380304,0.022494171116121765,0,0,0
10,gaussian,reference,0,32,1024,32768,,1.0,oracle_mean_covered,2000,0.947,0.9362966169363569,0.9559895427942029,0.022001948840380304,0.022494171116121765,0,0,0
10,gaussian,reference,0,32,1024,32768,,1.0,oracle_target_covered,2000,0.947,0.9362966169363569,0.9559895427942029,0.022001948840380304,0.022494171116121765,0,0,0
10,gaussian,reference,0,32,1024,32768,,1.0,mean_covered,2000,0.936,0.9244153341233007,0.9459130006474469,0.022001948840380304,0.022494171116121765,0,0,0
10,gaussian,reference,0,32,1024,32768,,1.0,mean_t_covered,2000,0.9445,0.9335871935538151,0.9537085514131509,0.022001948840380304,0.022494171116121765,0,0,0
11,gaussian,reference,0,64,4096,262144,,1.0,plugin_mean_covered,2000,0.944,0.9330459959530119,0.9532516660612355,0.007897776555304544,0.007952890466690137,0,0,0
11,gaussian,reference,0,64,4096,262144,,1.0,plugin_target_covered,2000,0.944,0.9330459959530119,0.9532516660612355,0.007897776555304544,0.007952890466690137,0,0,0
11,gaussian,reference,0,64,4096,262144,,1.0,oracle_mean_covered,2000,0.9515,0.9411889997479057,0.9600799065571228,0.007897776555304544,0.007952890466690137,0,0,0
11,gaussian,reference,0,64,4096,262144,,1.0,oracle_target_covered,2000,0.9515,0.9411889997479057,0.9600799065571228,0.007897776555304544,0.007952890466690137,0,0,0
11,gaussian,reference,0,64,4096,262144,,1.0,mean_covered,2000,0.9495,0.9390120477558316,0.958264526738322,0.007897776555304544,0.007952890466690137,0,0,0
11,gaussian,reference,0,64,4096,262144,,1.0,mean_t_covered,2000,0.953,0.9428245575283534,0.9614385976348314,0.007897776555304544,0.007952890466690137,0,0,0
12,bernoulli,threshold,5,128,256,32768,0.1,0.5,plugin_mean_covered,2000,0.9305,0.9185097628647387,0.9408396594261024,0.02346662850947501,0.023535319260944272,0,0,0
12,bernoulli,threshold,5,128,256,32768,0.1,0.5,plugin_target_covered,2000,0.944,0.9330459959530119,0.9532516660612355,0.02346662850947501,0.023535319260944272,0,0,0
12,bernoulli,threshold,5,128,256,32768,0.1,0.5,oracle_mean_covered,2000,0.9435,0.9325050206793213,0.9527945583822073,0.02346662850947501,0.023535319260944272,0,0,0
12,bernoulli,threshold,5,128,256,32768,0.1,0.5,oracle_target_covered,2000,0.944,0.9330459959530119,0.9532516660612355,0.02346662850947501,0.023535319260944272,0,0,0
12,bernoulli,threshold,5,128,256,32768,0.1,0.5,mean_covered,2000,0.9465,0.935754264314357,0.955533812463484,0.02346662850947501,0.023535319260944272,0,0,0
12,bernoulli,threshold,5,128,256,32768,0.1,0.5,mean_t_covered,2000,0.9475,0.9368392097083899,0.9564450329748887,0.02346662850947501,0.023535319260944272,0,0,0
13,bernoulli,threshold,5,128,256,32768,0.1,2.0,plugin_mean_covered,2000,0.943,0.9319642649870394,0.9523372311217704,0.021806627676087445,0.021884832108359568,0,0,0
13,bernoulli,threshold,5,128,256,32768,0.1,2.0,plugin_target_covered,2000,0.943,0.9319642649870394,0.9523372311217704,0.021806627676087445,0.021884832108359568,0,0,0
13,bernoulli,threshold,5,128,256,32768,0.1,2.0,oracle_mean_covered,2000,0.945,0.9341286162883299,0.9541652116313549,0.021806627676087445,0.021884832108359568,0,0,0
13,bernoulli,threshold,5,128,256,32768,0.1,2.0,oracle_target_covered,2000,0.9465,0.935754264314357,0.955533812463484,0.021806627676087445,0.021884832108359568,0,0,0
13,bernoulli,threshold,5,128,256,32768,0.1,2.0,mean_covered,2000,0.9465,0.935754264314357,0.955533812463484,0.021806627676087445,0.021884832108359568,0,0,0
13,bernoulli,threshold,5,128,256,32768,0.1,2.0,mean_t_covered,2000,0.9475,0.9368392097083899,0.9564450329748887,0.021806627676087445,0.021884832108359568,0,0,0
14,bernoulli,threshold,5,128,256,32768,0.1,4.0,plugin_mean_covered,2000,0.943,0.9319642649870394,0.9523372311217704,0.02158727111076464,0.02168534319616061,0,0,0
14,bernoulli,threshold,5,128,256,32768,0.1,4.0,plugin_target_covered,2000,0.9465,0.935754264314357,0.955533812463484,0.02158727111076464,0.02168534319616061,0,0,0
14,bernoulli,threshold,5,128,256,32768,0.1,4.0,oracle_mean_covered,2000,0.9435,0.9325050206793213,0.9527945583822073,0.02158727111076464,0.02168534319616061,0,0,0
14,bernoulli,threshold,5,128,256,32768,0.1,4.0,oracle_target_covered,2000,0.9465,0.935754264314357,0.955533812463484,0.02158727111076464,0.02168534319616061,0,0,0
14,bernoulli,threshold,5,128,256,32768,0.1,4.0,mean_covered,2000,0.9465,0.935754264314357,0.955533812463484,0.02158727111076464,0.02168534319616061,0,0,0
14,bernoulli,threshold,5,128,256,32768,0.1,4.0,mean_t_covered,2000,0.9475,0.9368392097083899,0.9564450329748887,0.02158727111076464,0.02168534319616061,0,0,0
15,bernoulli,skewness,5,128,256,32768,0.25,1.0,plugin_mean_covered,2000,0.938,0.9265682210429607,0.9477524455386617,0.02241578037213323,0.022507169548749654,0,0,0
15,bernoulli,skewness,5,128,256,32768,0.25,1.0,plugin_target_covered,2000,0.94,0.9287241955068138,0.9495888028856835,0.02241578037213323,0.022507169548749654,0,0,0
15,bernoulli,skewness,5,128,256,32768,0.25,1.0,oracle_mean_covered,2000,0.9445,0.9335871935538151,0.9537085514131509,0.02241578037213323,0.022507169548749654,0,0,0
15,bernoulli,skewness,5,128,256,32768,0.25,1.0,oracle_target_covered,2000,0.944,0.9330459959530119,0.9532516660612355,0.02241578037213323,0.022507169548749654,0,0,0
15,bernoulli,skewness,5,128,256,32768,0.25,1.0,mean_covered,2000,0.9435,0.9325050206793213,0.9527945583822073,0.02241578037213323,0.022507169548749654,0,0,0
15,bernoulli,skewness,5,128,256,32768,0.25,1.0,mean_t_covered,2000,0.9455,0.9346702670259668,0.9546216438464368,0.02241578037213323,0.022507169548749654,0,0,0
16,gaussian,fixed_k,0,8,16,128,,1.0,plugin_mean_covered,2000,0.891,0.876585019651883,0.9039158493741772,0.3424481982152277,0.35990673785794824,0,0,0
16,gaussian,fixed_k,0,8,16,128,,1.0,plugin_target_covered,2000,0.891,0.876585019651883,0.9039158493741772,0.3424481982152277,0.35990673785794824,0,0,0
16,gaussian,fixed_k,0,8,16,128,,1.0,oracle_mean_covered,2000,0.943,0.9319642649870394,0.9523372311217704,0.3424481982152277,0.35990673785794824,0,0,0
16,gaussian,fixed_k,0,8,16,128,,1.0,oracle_target_covered,2000,0.943,0.9319642649870394,0.9523372311217704,0.3424481982152277,0.35990673785794824,0,0,0
16,gaussian,fixed_k,0,8,16,128,,1.0,mean_covered,2000,0.9045,0.890832875631817,0.9166162331176492,0.3424481982152277,0.35990673785794824,0,0,0
16,gaussian,fixed_k,0,8,16,128,,1.0,mean_t_covered,2000,0.948,0.9373820458455553,0.956900279790442,0.3424481982152277,0.35990673785794824,0,0,0
17,gaussian,fixed_k,0,8,256,2048,,1.0,plugin_mean_covered,2000,0.891,0.876585019651883,0.9039158493741772,0.08561204955380693,0.08997668446448706,0,0,0
17,gaussian,fixed_k,0,8,256,2048,,1.0,plugin_target_covered,2000,0.891,0.876585019651883,0.9039158493741772,0.08561204955380693,0.08997668446448706,0,0,0
17,gaussian,fixed_k,0,8,256,2048,,1.0,oracle_mean_covered,2000,0.943,0.9319642649870394,0.9523372311217704,0.08561204955380693,0.08997668446448706,0,0,0
17,gaussian,fixed_k,0,8,256,2048,,1.0,oracle_target_covered,2000,0.943,0.9319642649870394,0.9523372311217704,0.08561204955380693,0.08997668446448706,0,0,0
17,gaussian,fixed_k,0,8,256,2048,,1.0,mean_covered,2000,0.9045,0.890832875631817,0.9166162331176492,0.08561204955380693,0.08997668446448706,0,0,0
17,gaussian,fixed_k,0,8,256,2048,,1.0,mean_t_covered,2000,0.948,0.9373820458455553,0.956900279790442,0.08561204955380693,0.08997668446448706,0,0,0
18,gaussian,fixed_k,0,8,4096,32768,,1.0,plugin_mean_covered,2000,0.891,0.876585019651883,0.9039158493741772,0.02140301238845173,0.022494171116121765,0,0,0
18,gaussian,fixed_k,0,8,4096,32768,,1.0,plugin_target_covered,2000,0.891,0.876585019651883,0.9039158493741772,0.02140301238845173,0.022494171116121765,0,0,0
18,gaussian,fixed_k,0,8,4096,32768,,1.0,oracle_mean_covered,2000,0.943,0.9319642649870394,0.9523372311217704,0.02140301238845173,0.022494171116121765,0,0,0
18,gaussian,fixed_k,0,8,4096,32768,,1.0,oracle_target_covered,2000,0.943,0.9319642649870394,0.9523372311217704,0.02140301238845173,0.022494171116121765,0,0,0
18,gaussian,fixed_k,0,8,4096,32768,,1.0,mean_covered,2000,0.9045,0.890832875631817,0.9166162331176492,0.02140301238845173,0.022494171116121765,0,0,0
18,gaussian,fixed_k,0,8,4096,32768,,1.0,mean_t_covered,2000,0.948,0.9373820458455553,0.956900279790442,0.02140301238845173,0.022494171116121765,0,0,0
19,gaussian,fixed_k,0,16,16,256,,1.0,plugin_mean_covered,2000,0.924,0.9115560319521683,0.9348183119533293,0.2496407258093987,0.2544924949340844,0,0,0
19,gaussian,fixed_k,0,16,16,256,,1.0,plugin_target_covered,2000,0.924,0.9115560319521683,0.9348183119533293,0.2496407258093987,0.2544924949340844,0,0,0
19,gaussian,fixed_k,0,16,16,256,,1.0,oracle_mean_covered,2000,0.9565,0.9466510236907602,0.9645987121414559,0.2496407258093987,0.2544924949340844,0,0,0
19,gaussian,fixed_k,0,16,16,256,,1.0,oracle_target_covered,2000,0.9565,0.9466510236907602,0.9645987121414559,0.2496407258093987,0.2544924949340844,0,0,0
19,gaussian,fixed_k,0,16,16,256,,1.0,mean_covered,2000,0.934,0.9222654015999561,0.9440706013599165,0.2496407258093987,0.2544924949340844,0,0,0
19,gaussian,fixed_k,0,16,16,256,,1.0,mean_t_covered,2000,0.9535,0.9433703066271119,0.9618909314887917,0.2496407258093987,0.2544924949340844,0,0,0
20,gaussian,fixed_k,0,16,256,4096,,1.0,plugin_mean_covered,2000,0.924,0.9115560319521683,0.9348183119533293,0.062410181452349674,0.0636231237335211,0,0,0
20,gaussian,fixed_k,0,16,256,4096,,1.0,plugin_target_covered,2000,0.924,0.9115560319521683,0.9348183119533293,0.062410181452349674,0.0636231237335211,0,0,0
20,gaussian,fixed_k,0,16,256,4096,,1.0,oracle_mean_covered,2000,0.9565,0.9466510236907602,0.9645987121414559,0.062410181452349674,0.0636231237335211,0,0,0
20,gaussian,fixed_k,0,16,256,4096,,1.0,oracle_target_covered,2000,0.9565,0.9466510236907602,0.9645987121414559,0.062410181452349674,0.0636231237335211,0,0,0
20,gaussian,fixed_k,0,16,256,4096,,1.0,mean_covered,2000,0.934,0.9222654015999561,0.9440706013599165,0.062410181452349674,0.0636231237335211,0,0,0
20,gaussian,fixed_k,0,16,256,4096,,1.0,mean_t_covered,2000,0.9535,0.9433703066271119,0.9618909314887917,0.062410181452349674,0.0636231237335211,0,0,0
21,gaussian,fixed_k,0,16,4096,65536,,1.0,plugin_mean_covered,2000,0.924,0.9115560319521683,0.9348183119533293,0.015602545363087418,0.015905780933380274,0,0,0
21,gaussian,fixed_k,0,16,4096,65536,,1.0,plugin_target_covered,2000,0.924,0.9115560319521683,0.9348183119533293,0.015602545363087418,0.015905780933380274,0,0,0
21,gaussian,fixed_k,0,16,4096,65536,,1.0,oracle_mean_covered,2000,0.9565,0.9466510236907602,0.9645987121414559,0.015602545363087418,0.015905780933380274,0,0,0
21,gaussian,fixed_k,0,16,4096,65536,,1.0,oracle_target_covered,2000,0.9565,0.9466510236907602,0.9645987121414559,0.015602545363087418,0.015905780933380274,0,0,0
21,gaussian,fixed_k,0,16,4096,65536,,1.0,mean_covered,2000,0.934,0.9222654015999561,0.9440706013599165,0.015602545363087418,0.015905780933380274,0,0,0
21,gaussian,fixed_k,0,16,4096,65536,,1.0,mean_t_covered,2000,0.9535,0.9433703066271119,0.9618909314887917,0.015602545363087418,0.015905780933380274,0,0,0
22,gaussian,endpoint,0,8,256,2048,,1000000.0,plugin_mean_covered,2000,0.894,0.8797451436838335,0.9067442230585392,0.07851512592346731,0.08661898902185487,0,0,0
22,gaussian,endpoint,0,8,256,2048,,1000000.0,plugin_target_covered,2000,0.894,0.8797451436838335,0.9067442230585392,0.07851512592346731,0.08661898902185487,0,0,0
22,gaussian,endpoint,0,8,256,2048,,1000000.0,oracle_mean_covered,2000,0.9555,0.9455562350551854,0.9636973348715931,0.07851512592346731,0.08661898902185487,0,0,0
22,gaussian,endpoint,0,8,256,2048,,1000000.0,oracle_target_covered,2000,0.9555,0.9455562350551854,0.9636973348715931,0.07851512592346731,0.08661898902185487,0,0,0
22,gaussian,endpoint,0,8,256,2048,,1000000.0,mean_covered,2000,0.9085,0.8950688391276443,0.9203649332435718,0.07851512592346731,0.08661898902185487,0,0,0
22,gaussian,endpoint,0,8,256,2048,,1000000.0,mean_t_covered,2000,0.9485,0.9379251286390549,0.9573552799496612,0.07851512592346731,0.08661898902185487,0,0,0
23,gaussian,endpoint,0,16,256,4096,,1000000.0,plugin_mean_covered,2000,0.9295,0.9174382310555769,0.9399150253298267,0.058051800745250966,0.06124887451687667,0,0,0
23,gaussian,endpoint,0,16,256,4096,,1000000.0,plugin_target_covered,2000,0.9295,0.9174382310555769,0.9399150253298267,0.058051800745250966,0.06124887451687667,0,0,0
23,gaussian,endpoint,0,16,256,4096,,1000000.0,oracle_mean_covered,2000,0.954,0.9439163444279334,0.9623429766406889,0.058051800745250966,0.06124887451687667,0,0,0
23,gaussian,endpoint,0,16,256,4096,,1000000.0,oracle_target_covered,2000,0.954,0.9439163444279334,0.9623429766406889,0.058051800745250966,0.06124887451687667,0,0,0
23,gaussian,endpoint,0,16,256,4096,,1000000.0,mean_covered,2000,0.9375,0.9260297152353917,0.9472928683935119,0.058051800745250966,0.06124887451687667,0,0,0
23,gaussian,endpoint,0,16,256,4096,,1000000.0,mean_t_covered,2000,0.952,0.9417339082484883,0.9605330810092589,0.058051800745250966,0.06124887451687667,0,0,0
24,gaussian,endpoint,0,32,256,8192,,1000000.0,plugin_mean_covered,2000,0.9345,0.9228026146574697,0.9445314712551214,0.04246915155955046,0.043309494510927436,0,0,0
24,gaussian,endpoint,0,32,256,8192,,1000000.0,plugin_target_covered,2000,0.9345,0.9228026146574697,0.9445314712551214,0.04246915155955046,0.043309494510927436,0,0,0
24,gaussian,endpoint,0,32,256,8192,,1000000.0,oracle_mean_covered,2000,0.9455,0.9346702670259668,0.9546216438464368,0.04246915155955046,0.043309494510927436,0,0,0
24,gaussian,endpoint,0,32,256,8192,,1000000.0,oracle_target_covered,2000,0.9455,0.9346702670259668,0.9546216438464368,0.04246915155955046,0.043309494510927436,0,0,0
24,gaussian,endpoint,0,32,256,8192,,1000000.0,mean_covered,2000,0.938,0.9265682210429607,0.9477524455386617,0.04246915155955046,0.043309494510927436,0,0,0
24,gaussian,endpoint,0,32,256,8192,,1000000.0,mean_t_covered,2000,0.947,0.9362966169363569,0.9559895427942029,0.04246915155955046,0.043309494510927436,0,0,0
25,gaussian,endpoint,0,64,256,16384,,1000000.0,plugin_mean_covered,2000,0.953,0.9428245575283534,0.9614385976348314,0.030276101429886033,0.030624437258438334,0,0,0
25,gaussian,endpoint,0,64,256,16384,,1000000.0,plugin_target_covered,2000,0.953,0.9428245575283534,0.9614385976348314,0.030276101429886033,0.030624437258438334,0,0,0
25,gaussian,endpoint,0,64,256,16384,,1000000.0,oracle_mean_covered,2000,0.9595,0.9499431768629318,0.9672950566855967,0.030276101429886033,0.030624437258438334,0,0,0
25,gaussian,endpoint,0,64,256,16384,,1000000.0,oracle_target_covered,2000,0.9595,0.9499431768629318,0.9672950566855967,0.030276101429886033,0.030624437258438334,0,0,0
25,gaussian,endpoint,0,64,256,16384,,1000000.0,mean_covered,2000,0.9555,0.9455562350551854,0.9636973348715931,0.030276101429886033,0.030624437258438334,0,0,0
25,gaussian,endpoint,0,64,256,16384,,1000000.0,mean_t_covered,2000,0.9595,0.9499431768629318,0.9672950566855967,0.030276101429886033,0.030624437258438334,0,0,0
