m,p,lambda,u_60digits,V_60digits,absolute_u_difference,absolute_V_difference,high_precision_score_residual,high_precision_probability_sum_error,digits
256,0.1,1.0,-0.0167586490912958431761606676039686226360531661260445716500344,1.07951700524074566538145876412959932733432301568672893418091,2.5673907444456745e-16,1.1102230246251565e-15,7.20107748927190223051637511463723512011156728678822674390382e-63,4.51168607644932773767944643899059007442793282232284617149831e-60,60
64,0.1,1.0,-0.0337155397435773256290322901526448431469917534969437038709574,1.08108208364786331217428509978527663915008254013358090599531,2.706168622523819e-16,0.0,8.29351090659901835292740018429813627508323797375913867926775e-65,1.24460305557222834142881281075602484811805043374423342662022e-60,60
16,0.1,1.0,-0.0693189779825878898328074896231039666124671137892903882211657,1.11085090392886783668537237201596878647757519371862705479462,2.0816681711721685e-16,6.661338147750939e-16,8.21985822757999053380563107634585153606618980034069862355805e-63,2.33363072919792814017902402016754659022134456327043767491292e-61,60
1024,0.1,1.0,-0.00836708416564108540042569617317629659617778829774965431960794,1.07915065982797678343410930774102611708204146655067831543847,3.86843335142828e-16,4.440892098500626e-16,1.59073578896570778534329166253625568041037025531855007967483e-63,1.95247104342893321061645009687351398048519161793626618801048e-59,60
32,0.1,1.0,-0.0480795370583048379963623732351253107715038966136521443103927,1.08240185561584258692506608819501885320801077368295850527689,8.396061623727746e-16,8.881784197001252e-16,1.01384524594735555369732077672821236856550246502653515364143e-64,6.22301527786114170714406405378012424059025216872116713310112e-61,60
4096,0.1,1.0,-0.00418201597401025101506741253327813917705429308944092580395166,1.07906050174621293269383299753821552738148571390666348545579,3.4954678040932663e-16,4.440892098500626e-16,1.59987092957144441788260723561973818908681638421673104429571e-64,7.66208756086653072692112886621677797122674798273793703263075e-59,60
512,0.1,1.0,-0.0118386061678411799449590276993302969044440852792054997792161,1.07927175435331471280396631136385900179913159252028820575303,2.0816681711721685e-17,2.220446049250313e-16,1.36913211026579239038379662759649956373079836491172340306181e-63,9.56788598971150537473399848268694101990751270940879446714297e-60,60
256,0.1,0.5,-0.0224092611938691790033332012304882759698148561861434717915695,1.18122858893952106399464948208693658475787656513914974089782,2.220446049250313e-16,6.661338147750939e-16,4.98765697809899523572695650595038254371441185854076650801186e-65,4.51168607644932773767944643899059007442793282232284617149831e-60,60
256,0.1,2.0,-0.00959021173951092113356808801804740649563053556664090361758912,1.02136318588745612732368092408994776441458304921205782698614,1.6202317265623378e-15,8.881784197001252e-16,8.16945349133921650384283315768394329590415811309620808487892e-63,4.51168607644932773767944643899059007442793282232284617149831e-60,60
256,0.1,4.0,-0.00389715593306094827447064426897060383830330148744177186833428,1.00282779150469783303309691510316766573000821099306324544928,2.5196858488563123e-16,8.881784197001252e-16,2.79846799382561748189556277937375812105989709884301255637799e-63,4.51168607644932773767944643899059007442793282232284617149831e-60,60
256,0.25,1.0,-0.00725232916088214685851906178569337388923566311303751361616713,1.08027798741050341950848883519499176862574179698326458567195,1.5265566588595902e-16,4.440892098500626e-16,5.28498355022450012234980079582756736222817532642966573698058e-63,7.7787690973264271339300800672251553007378152109014589163764e-62,60
