cell,distribution,schedule,m,p,lambda,u,theta,A,B,V,score_residual,pmf_mass_error,underflowed_terms,target_type
0,bernoulli,slow,256,0.1,1.0,-0.01675864909129614,-0.0010474155682060088,0.5647874350886892,0.3443495665714824,1.0795170052407446,4.7704895589362195e-18,4.440892098500626e-16,0,finite_sum_all_m_plus_1_terms
1,bernoulli,boundary,64,0.1,1.0,-0.03371553974357768,-0.00421444246794721,0.5644584000997119,0.34444711450474663,1.0810820836478634,6.938893903907228e-18,4.440892098500626e-16,0,finite_sum_all_m_plus_1_terms
2,bernoulli,many,16,0.1,1.0,-0.0693189779825881,-0.017329744495647025,0.5587851467585498,0.34685301962186255,1.1108509039288672,2.7755575615628914e-17,2.220446049250313e-16,0,finite_sum_all_m_plus_1_terms
3,bernoulli,slow,1024,0.1,1.0,-0.008367084165640784,-0.0002614713801762745,0.5648652642127191,0.3443275867326646,1.0791506598279772,9.38173692378863e-18,9.992007221626409e-16,421,finite_sum_all_m_plus_1_terms
4,bernoulli,boundary,256,0.1,1.0,-0.01675864909129614,-0.0010474155682060088,0.5647874350886892,0.3443495665714824,1.0795170052407446,4.7704895589362195e-18,4.440892098500626e-16,0,finite_sum_all_m_plus_1_terms
5,bernoulli,many,32,0.1,1.0,-0.04807953705830402,-0.00849934167255917,0.564177038819669,0.3445238900111529,1.0824018556158417,6.800116025829084e-16,5.551115123125783e-16,0,finite_sum_all_m_plus_1_terms
6,bernoulli,slow,4096,0.1,1.0,-0.004182015974010617,-6.534399959391589e-05,0.5648844682081764,0.3443222307264214,1.0790605017462123,1.7094377227039186e-17,4.551914400963142e-15,2788,finite_sum_all_m_plus_1_terms
7,bernoulli,boundary,512,0.1,1.0,-0.011838606167841232,-0.0005231974188173389,0.5648395020546934,0.344334813969164,1.079271754353315,4.157237705124106e-18,6.661338147750939e-16,91,finite_sum_all_m_plus_1_terms
8,bernoulli,many,64,0.1,1.0,-0.03371553974357768,-0.00421444246794721,0.5644584000997119,0.34444711450474663,1.0810820836478634,6.938893903907228e-18,4.440892098500626e-16,0,finite_sum_all_m_plus_1_terms
9,gaussian,reference,256,,1.0,0.0,0.0,0.5648908472456976,0.34432045758120156,1.0790305745952562,0.0,,0,Gaussian_quadrature_12sigma_tail_bound
10,gaussian,reference,1024,,1.0,0.0,0.0,0.5648908472456976,0.34432045758120156,1.0790305745952562,0.0,,0,Gaussian_quadrature_12sigma_tail_bound
11,gaussian,reference,4096,,1.0,0.0,0.0,0.5648908472456976,0.34432045758120156,1.0790305745952562,0.0,,0,Gaussian_quadrature_12sigma_tail_bound
12,bernoulli,threshold,256,0.1,0.5,-0.02240926119386949,-0.001400578824616843,0.34487292972137124,0.14049218352996865,1.1812285889395204,4.336808689942018e-18,4.440892098500626e-16,0,finite_sum_all_m_plus_1_terms
13,bernoulli,threshold,256,0.1,2.0,-0.009590211739509321,-0.0005993882337193326,0.7846654656302127,0.6288532042167129,1.0213631858874552,1.5076508834768743e-15,4.440892098500626e-16,0,finite_sum_all_m_plus_1_terms
14,bernoulli,threshold,256,0.1,4.0,-0.0038971559330612487,-0.00024357224581632805,0.9227505292815246,0.8538763147912529,1.002827791504697,2.0599841277224584e-18,4.440892098500626e-16,0,finite_sum_all_m_plus_1_terms
15,bernoulli,skewness,256,0.25,1.0,-0.007252329160882334,-0.0004532705725551459,0.5646898790056954,0.3444732753484403,1.080277987410503,6.288372600415926e-18,0.0,0,finite_sum_all_m_plus_1_terms
16,gaussian,fixed_k,16,,1.0,0.0,0.0,0.5648908472456976,0.34432045758120156,1.0790305745952562,0.0,,0,Gaussian_quadrature_12sigma_tail_bound
17,gaussian,fixed_k,256,,1.0,0.0,0.0,0.5648908472456976,0.34432045758120156,1.0790305745952562,0.0,,0,Gaussian_quadrature_12sigma_tail_bound
18,gaussian,fixed_k,4096,,1.0,0.0,0.0,0.5648908472456976,0.34432045758120156,1.0790305745952562,0.0,,0,Gaussian_quadrature_12sigma_tail_bound
19,gaussian,fixed_k,16,,1.0,0.0,0.0,0.5648908472456976,0.34432045758120156,1.0790305745952562,0.0,,0,Gaussian_quadrature_12sigma_tail_bound
20,gaussian,fixed_k,256,,1.0,0.0,0.0,0.5648908472456976,0.34432045758120156,1.0790305745952562,0.0,,0,Gaussian_quadrature_12sigma_tail_bound
21,gaussian,fixed_k,4096,,1.0,0.0,0.0,0.5648908472456976,0.34432045758120156,1.0790305745952562,0.0,,0,Gaussian_quadrature_12sigma_tail_bound
22,gaussian,endpoint,256,,1000000.0,0.0,0.0,0.9999999999985002,0.999999999997,0.9999999999999996,0.0,,0,Gaussian_quadrature_12sigma_tail_bound
23,gaussian,endpoint,256,,1000000.0,0.0,0.0,0.9999999999985002,0.999999999997,0.9999999999999996,0.0,,0,Gaussian_quadrature_12sigma_tail_bound
24,gaussian,endpoint,256,,1000000.0,0.0,0.0,0.9999999999985002,0.999999999997,0.9999999999999996,0.0,,0,Gaussian_quadrature_12sigma_tail_bound
25,gaussian,endpoint,256,,1000000.0,0.0,0.0,0.9999999999985002,0.999999999997,0.9999999999999996,0.0,,0,Gaussian_quadrature_12sigma_tail_bound
