activity,seed,n_subjects,k,m,mechanism,amplitude_multiplier,energy_multiplier,affected_subjects,n_affected_subjects,realized_block_fraction,method,threshold,branch,estimate,shift_from_own_clean,shift_relative_clean_mean,clean_subject_mean,solver_converged,score_norm,certificate,iterations,block_construction_seconds,preliminary_seconds,outer_seconds,loss
1,20260918,30,5,6,clean,1.0,1.0,,0,0.0,Mean,,mean,0.10238867876510913,0.0,0.0,0.10238867876510915,True,0.0,0.0,0,0.0004455000162124634,0.0,3.2250070944428444e-05,quadratic
1,20260918,30,5,6,clean,1.0,1.0,,0,0.0,MOM,,geometric_median,0.09781937797597638,0.0,0.0,0.10238867876510915,True,0.0,,0,0.0004455000162124634,0.0,0.0003359168767929077,geometric_median
1,20260918,30,5,6,clean,1.0,1.0,,0,0.0,Adaptive(1),0.013490187297411166,positive_scale,0.10160314225929142,0.0,0.0,0.10238867876510915,True,1.2855168318726128e-15,6.167227965619955e-14,0,0.0004455000162124634,0.00029550003819167614,0.00013533304445445538,pseudo_huber
1,20260918,30,5,6,clean,1.0,1.0,,0,0.0,Adaptive(2),0.02698037459482233,positive_scale,0.1021060699530175,0.0,0.0,0.10238867876510915,True,8.673617379884035e-19,7.071411490378788e-18,0,0.0004455000162124634,0.00029550003819167614,9.458302520215511e-05,pseudo_huber
1,20260918,30,5,6,clean,1.0,1.0,,0,0.0,Adaptive(4),0.05396074918964466,positive_scale,0.10230473771091696,0.0,0.0,0.10238867876510915,True,1.6393136847980827e-16,3.8364239731124385e-16,0,0.0004455000162124634,0.00029550003819167614,7.829093374311924e-05,pseudo_huber
1,20260918,30,5,6,clean,1.0,1.0,,0,0.0,Adaptive(16),0.21584299675857865,positive_scale,0.10238306831514517,0.0,0.0,0.10238867876510915,True,2.707903345999796e-16,2.9038141715111767e-16,0,0.0004455000162124634,0.00029550003819167614,7.116701453924179e-05,pseudo_huber
1,20260918,30,5,6,clean,1.0,1.0,,0,0.0,Canonical(2),0.02698037459482233,positive_scale,0.10238867876510913,0.0,0.0,0.10238867876510915,True,1.6653345369377347e-17,,2,0.0004455000162124634,0.00029550003819167614,0.00010099983774125576,canonical_huber
1,20260918,30,5,6,one_block,3.0,9.0,12;21;6;23;8;20,6,0.2,Mean,,mean,0.3049640911586172,0.2025754123935081,1.9784942518717161,0.10238867876510915,True,0.0,0.0,0,0.0003237500786781311,0.0,2.191588282585144e-05,quadratic
1,20260918,30,5,6,one_block,3.0,9.0,12;21;6;23;8;20,6,0.2,MOM,,geometric_median,0.09781937797597638,0.0,0.0,0.10238867876510915,True,0.0,,0,0.0003237500786781311,0.0,4.570907913148403e-05,geometric_median
1,20260918,30,5,6,one_block,3.0,9.0,12;21;6;23;8;20,6,0.2,Adaptive(1),0.013490187297411166,positive_scale,0.10228334757177338,0.0006802053124819601,0.006643364488005805,0.10238867876510915,True,6.978792543854695e-16,3.3865081966303975e-10,0,0.0003237500786781311,2.9583927243947983e-05,0.00013041682541370392,pseudo_huber
1,20260918,30,5,6,one_block,3.0,9.0,12;21;6;23;8;20,6,0.2,Adaptive(2),0.02698037459482233,positive_scale,0.10490993950680295,0.0028038695537854486,0.027384566219648486,0.10238867876510915,True,5.204170427930421e-19,3.159001057903102e-14,0,0.0003237500786781311,2.9583927243947983e-05,0.00010483292862772942,pseudo_huber
1,20260918,30,5,6,one_block,3.0,9.0,12;21;6;23;8;20,6,0.2,Adaptive(4),0.05396074918964466,positive_scale,0.11110789031622612,0.008803152605309159,0.0859777927743804,0.10238867876510915,True,9.367506770274759e-18,7.128470804865322e-14,0,0.0003237500786781311,2.9583927243947983e-05,0.00010237493552267551,pseudo_huber
1,20260918,30,5,6,one_block,3.0,9.0,12;21;6;23;8;20,6,0.2,Adaptive(16),0.21584299675857865,positive_scale,0.1509108432829046,0.04852777496775944,0.4739564525399089,0.10238867876510915,True,1.6653345369377347e-17,2.0963980628023036e-15,0,0.0003237500786781311,2.9583927243947983e-05,9.429198689758778e-05,pseudo_huber
1,20260918,30,5,6,one_block,3.0,9.0,12;21;6;23;8;20,6,0.2,Canonical(2),0.02698037459482233,positive_scale,0.10307853391854722,0.0006898551534380987,0.00673761163595735,0.10238867876510915,True,4.7328807539770425e-14,,5,0.0003237500786781311,2.9583927243947983e-05,0.00012054108083248138,canonical_huber
1,20260918,30,5,6,one_block,10.0,100.0,12;21;6;23;8;20,6,0.2,Mean,,mean,2.609259407134771,2.506870728369662,24.48386636691248,0.10238867876510915,True,0.0,0.0,0,0.0003106251824647188,0.0,1.991703175008297e-05,quadratic
1,20260918,30,5,6,one_block,10.0,100.0,12;21;6;23;8;20,6,0.2,MOM,,geometric_median,0.09781937797597638,0.0,0.0,0.10238867876510915,True,0.0,,0,0.0003106251824647188,0.0,4.091695882380009e-05,geometric_median
1,20260918,30,5,6,one_block,10.0,100.0,12;21;6;23;8;20,6,0.2,Adaptive(1),0.013490187297411166,positive_scale,0.1022838293458378,0.0006806870865463804,0.006648069833071596,0.10238867876510915,True,5.4296844798074063e-17,4.4047013811101126e-08,0,0.0003106251824647188,2.6667024940252304e-05,0.0001230838242918253,pseudo_huber
1,20260918,30,5,6,one_block,10.0,100.0,12;21;6;23;8;20,6,0.2,Adaptive(2),0.02698037459482233,positive_scale,0.10491288945406883,0.0028068195010513275,0.027413377483759497,0.10238867876510915,True,1.3426759704060488e-16,1.3615241640165737e-08,0,0.0003106251824647188,2.6667024940252304e-05,0.00011666701175272465,pseudo_huber
1,20260918,30,5,6,one_block,10.0,100.0,12;21;6;23;8;20,6,0.2,Adaptive(4),0.05396074918964466,positive_scale,0.11112917548619158,0.008824437775274627,0.08618567874597595,0.10238867876510915,True,3.816391647148976e-18,4.837556761458451e-11,0,0.0003106251824647188,2.6667024940252304e-05,0.0001041668001562357,pseudo_huber
1,20260918,30,5,6,one_block,10.0,100.0,12;21;6;23;8;20,6,0.2,Adaptive(16),0.21584299675857865,positive_scale,0.1522716029820306,0.049888534666885434,0.4872465908202136,0.10238867876510915,True,9.714451465470119e-18,1.9248246156675243e-12,0,0.0003106251824647188,2.6667024940252304e-05,9.1583002358675e-05,pseudo_huber
1,20260918,30,5,6,one_block,10.0,100.0,12;21;6;23;8;20,6,0.2,Canonical(2),0.02698037459482233,positive_scale,0.10307853391779309,0.0006898551526839658,0.006737611628591957,0.10238867876510915,True,6.506351013513267e-13,,3,0.0003106251824647188,2.6667024940252304e-05,8.395896293222904e-05,canonical_huber
1,20260918,30,5,6,dispersed_subjects,3.0,9.0,12;10;22,3,0.6,Mean,,mean,0.20708333570573717,0.10469465694062804,1.0225218081074086,0.10238867876510915,True,0.0,0.0,0,0.00031308294273912907,0.0,2.3124972358345985e-05,quadratic
1,20260918,30,5,6,dispersed_subjects,3.0,9.0,12;10;22,3,0.6,MOM,,geometric_median,0.263735466853312,0.1659160888773356,1.6204534610507602,0.10238867876510915,True,0.0,,0,0.00031308294273912907,0.0,4.3001025915145874e-05,geometric_median
1,20260918,30,5,6,dispersed_subjects,3.0,9.0,12;10;22,3,0.6,Adaptive(1),0.04797848959184314,positive_scale,0.24115776697651684,0.1395546247172254,1.36298882259609,0.10238867876510915,True,2.7755575615628915e-18,3.351128141931307e-16,0,0.00031308294273912907,2.733408473432064e-05,0.0001057919580489397,pseudo_huber
1,20260918,30,5,6,dispersed_subjects,3.0,9.0,12;10;22,3,0.6,Adaptive(2),0.09595697918368629,positive_scale,0.2217948798582948,0.11968880990527729,1.1689652737863385,0.10238867876510915,True,1.1102230246251566e-17,1.9935145361694905e-16,0,0.00031308294273912907,2.733408473432064e-05,8.454197086393833e-05,pseudo_huber
1,20260918,30,5,6,dispersed_subjects,3.0,9.0,12;10;22,3,0.6,Adaptive(4),0.19191395836737257,positive_scale,0.21132915402734848,0.10902441631643152,1.064809289770654,0.10238867876510915,True,0.0,0.0,0,0.00031308294273912907,2.733408473432064e-05,7.441709749400616e-05,pseudo_huber
1,20260918,30,5,6,dispersed_subjects,3.0,9.0,12;10;22,3,0.6,Adaptive(16),0.7676558334694903,positive_scale,0.2073581751615617,0.10497510684641652,1.025260879547444,0.10238867876510915,True,1.9428902930940238e-17,2.21561345881912e-17,0,0.00031308294273912907,2.733408473432064e-05,6.933393888175488e-05,pseudo_huber
1,20260918,30,5,6,dispersed_subjects,3.0,9.0,12;10;22,3,0.6,Canonical(2),0.09595697918368629,positive_scale,0.2220662766968834,0.11967759793177427,1.1688557697509485,0.10238867876510915,True,3.502087508877594e-13,,22,0.00031308294273912907,2.733408473432064e-05,0.0002902077976614237,canonical_huber
1,20260918,30,5,6,dispersed_subjects,10.0,100.0,12;10;22,3,0.6,Mean,,mean,1.3979850584053808,1.2955963796402716,12.653707375329178,0.10238867876510915,True,0.0,0.0,0,0.00030587497167289257,0.0,1.9584083929657936e-05,quadratic
1,20260918,30,5,6,dispersed_subjects,10.0,100.0,12;10;22,3,0.6,MOM,,geometric_median,1.997580097324952,1.8997607193489756,18.554402129821742,0.10238867876510915,True,0.0,,0,0.00030587497167289257,0.0,3.933394327759743e-05,geometric_median
1,20260918,30,5,6,dispersed_subjects,10.0,100.0,12;10;22,3,0.6,Adaptive(1),0.7596866359618508,positive_scale,1.6130042260255386,1.5114010837662473,14.76140821421836,0.10238867876510915,True,2.2204460492503132e-17,1.092171987223106e-15,0,0.00030587497167289257,2.537504769861698e-05,9.316694922745228e-05,pseudo_huber
1,20260918,30,5,6,dispersed_subjects,10.0,100.0,12;10;22,3,0.6,Adaptive(2),1.5193732719237016,positive_scale,1.4647028060415714,1.362596736088554,13.308080078018198,0.10238867876510915,True,0.0,0.0,0,0.00030587497167289257,2.537504769861698e-05,7.60410912334919e-05,pseudo_huber
1,20260918,30,5,6,dispersed_subjects,10.0,100.0,12;10;22,3,0.6,Adaptive(4),3.0387465438474033,positive_scale,1.4144422602670728,1.3121375225561558,12.815259835184934,0.10238867876510915,True,0.0,0.0,0,0.00030587497167289257,2.537504769861698e-05,6.975000724196434e-05,pseudo_huber
1,20260918,30,5,6,dispersed_subjects,10.0,100.0,12;10;22,3,0.6,Adaptive(16),12.154986175389613,positive_scale,1.398986349448093,1.2966032811329478,12.663541484967276,0.10238867876510915,True,5.195843755245732e-15,5.578655531798933e-15,0,0.00030587497167289257,2.537504769861698e-05,6.787502206861973e-05,pseudo_huber
1,20260918,30,5,6,dispersed_subjects,10.0,100.0,12;10;22,3,0.6,Canonical(2),1.5193732719237016,positive_scale,1.3979850584053808,1.2955963796402716,12.653707375329178,0.10238867876510915,True,0.0,,2,0.00030587497167289257,2.537504769861698e-05,6.858282722532749e-05,canonical_huber
2,20260918,30,5,6,clean,1.0,1.0,,0,0.0,Mean,,mean,0.12135480512100061,0.0,0.0,0.12135480512100064,True,0.0,0.0,0,0.0003155830781906843,0.0,1.991703175008297e-05,quadratic
2,20260918,30,5,6,clean,1.0,1.0,,0,0.0,MOM,,geometric_median,0.12098360741785615,0.0,0.0,0.12135480512100064,True,0.0,,0,0.0003155830781906843,0.0,4.070880822837353e-05,geometric_median
2,20260918,30,5,6,clean,1.0,1.0,,0,0.0,Adaptive(1),0.0059385416429062615,positive_scale,0.12105206810668101,0.0,0.0,0.12135480512100064,True,2.900240811398724e-19,2.9556889660899967e-17,0,0.0003155830781906843,2.6541994884610176e-05,8.708308450877666e-05,pseudo_huber
2,20260918,30,5,6,clean,1.0,1.0,,0,0.0,Adaptive(2),0.011877083285812523,positive_scale,0.121163296700801,0.0,0.0,0.12135480512100064,True,4.933119884809045e-19,7.624016790641052e-18,0,0.0003155830781906843,2.6541994884610176e-05,7.641687989234924e-05,pseudo_huber
2,20260918,30,5,6,clean,1.0,1.0,,0,0.0,Adaptive(4),0.023754166571625046,positive_scale,0.12127875763991204,0.0,0.0,0.12135480512100064,True,1.0635481210996556e-15,3.7125200073444716e-15,0,0.0003155830781906843,2.6541994884610176e-05,7.095793262124062e-05,pseudo_huber
2,20260918,30,5,6,clean,1.0,1.0,,0,0.0,Adaptive(16),0.09501666628650018,positive_scale,0.12134904670375438,0.0,0.0,0.12135480512100064,True,1.0155179648585477e-15,1.141877014797747e-15,0,0.0003155830781906843,2.6541994884610176e-05,6.791600026190281e-05,pseudo_huber
2,20260918,30,5,6,clean,1.0,1.0,,0,0.0,Canonical(2),0.011877083285812523,positive_scale,0.12098954616688574,0.0,0.0,0.12135480512100064,True,4.382688656434652e-13,,16,0.0003155830781906843,2.6541994884610176e-05,0.0002238750457763672,canonical_huber
2,20260918,30,5,6,one_block,3.0,9.0,12;21;6;23;8;20,6,0.2,Mean,,mean,0.33807566104031417,0.21672085591931356,1.785844867891512,0.12135480512100064,True,0.0,0.0,0,0.00031424988992512226,0.0,1.9999919459223747e-05,quadratic
2,20260918,30,5,6,one_block,3.0,9.0,12;21;6;23;8;20,6,0.2,MOM,,geometric_median,0.12098360741785615,0.0,0.0,0.12135480512100064,True,0.0,,0,0.00031424988992512226,0.0,3.941589966416359e-05,geometric_median
2,20260918,30,5,6,one_block,3.0,9.0,12;21;6;23;8;20,6,0.2,Adaptive(1),0.0059385416429062615,positive_scale,0.12130376786565425,0.0002516997589732395,0.002074081522542715,0.12135480512100064,True,7.849732149012301e-16,5.1359916981837516e-09,0,0.00031424988992512226,2.4207867681980133e-05,0.00011720787733793259,pseudo_huber
2,20260918,30,5,6,one_block,3.0,9.0,12;21;6;23;8;20,6,0.2,Adaptive(2),0.011877083285812523,positive_scale,0.12217112367441853,0.0010078269736175233,0.008304796605397187,0.12135480512100064,True,1.474514954580286e-18,1.2061033777586952e-12,0,0.00031424988992512226,2.4207867681980133e-05,0.00010708300396800041,pseudo_huber
2,20260918,30,5,6,one_block,3.0,9.0,12;21;6;23;8;20,6,0.2,Adaptive(4),0.023754166571625046,positive_scale,0.12466789688956091,0.0033891392496488704,0.027927524141047586,0.12135480512100064,True,7.554720737878994e-17,7.728357230259558e-12,0,0.00031424988992512226,2.4207867681980133e-05,9.841704741120338e-05,pseudo_huber
2,20260918,30,5,6,one_block,3.0,9.0,12;21;6;23;8;20,6,0.2,Adaptive(16),0.09501666628650018,positive_scale,0.14244394605199368,0.0210948993482393,0.17382829898829275,0.12135480512100064,True,2.0816681711721684e-18,3.3616496338324655e-15,0,0.00031424988992512226,2.4207867681980133e-05,8.679111488163471e-05,pseudo_huber
2,20260918,30,5,6,one_block,3.0,9.0,12;21;6;23;8;20,6,0.2,Canonical(2),0.011877083285812523,positive_scale,0.1209895461666839,2.0183854587685346e-13,1.6632101685269402e-12,0.12135480512100064,True,5.593719931695773e-13,,11,0.00031424988992512226,2.4207867681980133e-05,0.00016812514513731003,canonical_huber
2,20260918,30,5,6,one_block,10.0,100.0,12;21;6;23;8;20,6,0.2,Mean,,mean,2.803275397122505,2.681920592001504,22.099830240157452,0.12135480512100064,True,0.0,0.0,0,0.0003075420390814543,0.0,2.100015990436077e-05,quadratic
2,20260918,30,5,6,one_block,10.0,100.0,12;21;6;23;8;20,6,0.2,MOM,,geometric_median,0.12098360741785615,0.0,0.0,0.12135480512100064,True,0.0,,0,0.0003075420390814543,0.0,4.383292980492115e-05,geometric_median
2,20260918,30,5,6,one_block,10.0,100.0,12;21;6;23;8;20,6,0.2,Adaptive(1),0.0059385416429062615,positive_scale,0.1213038163840485,0.0002517482773674862,0.002074481328666571,0.12135480512100064,True,8.926236486073158e-16,1.0339673569500257e-05,0,0.0003075420390814543,2.9624905437231064e-05,0.00013354094699025154,pseudo_huber
2,20260918,30,5,6,one_block,10.0,100.0,12;21;6;23;8;20,6,0.2,Adaptive(2),0.011877083285812523,positive_scale,0.12217138034248826,0.0010080836416872518,0.00830691162729082,0.12135480512100064,True,7.37257477290143e-19,1.067500335154634e-09,0,0.0003075420390814543,2.9624905437231064e-05,0.00012366683222353458,pseudo_huber
2,20260918,30,5,6,one_block,10.0,100.0,12;21;6;23;8;20,6,0.2,Adaptive(4),0.023754166571625046,positive_scale,0.12466957632595246,0.0033908186860404227,0.027941363200736057,0.12135480512100064,True,2.3436114160446663e-16,4.2417588927091945e-08,0,0.0003075420390814543,2.9624905437231064e-05,0.00011320807971060276,pseudo_huber
2,20260918,30,5,6,one_block,10.0,100.0,12;21;6;23;8;20,6,0.2,Adaptive(16),0.09501666628650018,positive_scale,0.14254521914989185,0.021196172446137473,0.17466281969637018,0.12135480512100064,True,6.938893903907228e-18,1.962461683221339e-11,0,0.0003075420390814543,2.9624905437231064e-05,9.879213757812977e-05,pseudo_huber
2,20260918,30,5,6,one_block,10.0,100.0,12;21;6;23;8;20,6,0.2,Canonical(2),0.011877083285812523,positive_scale,0.12098954616676227,1.2347067812612522e-13,1.0174354283129942e-12,0.12135480512100064,True,5.123512725191404e-13,,11,0.0003075420390814543,2.9624905437231064e-05,0.00017329095862805843,canonical_huber
2,20260918,30,5,6,dispersed_subjects,3.0,9.0,12;10;22,3,0.6,Mean,,mean,0.23418402655039378,0.11282922142939317,0.9297466327509095,0.12135480512100064,True,0.0,0.0,0,0.0003050421364605427,0.0,1.987488940358162e-05,quadratic
2,20260918,30,5,6,dispersed_subjects,3.0,9.0,12;10;22,3,0.6,MOM,,geometric_median,0.25448842002456773,0.1335048126067116,1.1001197066205695,0.12135480512100064,True,0.0,,0,0.0003050421364605427,0.0,3.820890560746193e-05,geometric_median
2,20260918,30,5,6,dispersed_subjects,3.0,9.0,12;10;22,3,0.6,Adaptive(1),0.12529424786032656,positive_scale,0.23621928657085928,0.11516721846417827,0.9490124297043464,0.12135480512100064,True,5.551115123125783e-18,7.540270370540337e-17,0,0.0003050421364605427,2.391706220805645e-05,8.312496356666088e-05,pseudo_huber
2,20260918,30,5,6,dispersed_subjects,3.0,9.0,12;10;22,3,0.6,Adaptive(2),0.2505884957206531,positive_scale,0.2343634835353971,0.1132001868345961,0.9328034989774511,0.12135480512100064,True,1.1934897514720432e-16,3.8236654976464884e-16,0,0.0003050421364605427,2.391706220805645e-05,7.229205220937729e-05,pseudo_huber
2,20260918,30,5,6,dispersed_subjects,3.0,9.0,12;10;22,3,0.6,Adaptive(4),0.5011769914413062,positive_scale,0.23418524154424208,0.11290648390433004,0.9303832987227253,0.12135480512100064,True,1.9428902930940238e-17,2.8576042982210196e-17,0,0.0003050421364605427,2.391706220805645e-05,6.937491707503796e-05,pseudo_huber
2,20260918,30,5,6,dispersed_subjects,3.0,9.0,12;10;22,3,0.6,Adaptive(16),2.004707965765225,positive_scale,0.23418302972978475,0.11283398302603037,0.929785869735654,0.12135480512100064,True,1.1102230246251566e-17,1.1408911872318027e-17,0,0.0003050421364605427,2.391706220805645e-05,6.466684862971306e-05,pseudo_huber
2,20260918,30,5,6,dispersed_subjects,3.0,9.0,12;10;22,3,0.6,Canonical(2),0.2505884957206531,positive_scale,0.23418402655039378,0.11319448038350803,0.9327564761085801,0.12135480512100064,True,1.9428902930940238e-17,,1,0.0003050421364605427,2.391706220805645e-05,5.52500132471323e-05,canonical_huber
2,20260918,30,5,6,dispersed_subjects,10.0,100.0,12;10;22,3,0.6,Mean,,mean,1.5176164203097406,1.39626161518874,11.5056145802925,0.12135480512100064,True,0.0,0.0,0,0.00031616678461432457,0.0,1.8999911844730377e-05,quadratic
2,20260918,30,5,6,dispersed_subjects,10.0,100.0,12;10;22,3,0.6,MOM,,geometric_median,1.6085443627526563,1.4875607553348003,12.257946884357656,0.12135480512100064,True,0.0,,0,0.00031616678461432457,0.0,3.824988380074501e-05,geometric_median
2,20260918,30,5,6,dispersed_subjects,10.0,100.0,12;10;22,3,0.6,Adaptive(1),1.4875607553348003,positive_scale,1.4976979592339483,1.3766458911272674,11.34397512941197,0.12135480512100064,True,0.0,0.0,0,0.00031616678461432457,2.433289773762226e-05,8.075009100139141e-05,pseudo_huber
2,20260918,30,5,6,dispersed_subjects,10.0,100.0,12;10;22,3,0.6,Adaptive(2),2.9751215106696005,positive_scale,1.5045662534064475,1.3834029567056465,11.39965537686193,0.12135480512100064,True,4.4408920985006264e-17,1.4663378712028835e-16,0,0.00031616678461432457,2.433289773762226e-05,7.645785808563232e-05,pseudo_huber
2,20260918,30,5,6,dispersed_subjects,10.0,100.0,12;10;22,3,0.6,Adaptive(4),5.950243021339201,positive_scale,1.5133698164492404,1.3920910588093283,11.471247944581181,0.12135480512100064,True,5.773159728050814e-16,8.600106660592111e-16,0,0.00031616678461432457,2.433289773762226e-05,7.358286529779434e-05,pseudo_huber
2,20260918,30,5,6,dispersed_subjects,10.0,100.0,12;10;22,3,0.6,Adaptive(16),23.800972085356804,positive_scale,1.5173271446164203,1.395978097912666,11.50327831288396,0.12135480512100064,True,4.929390229335695e-15,5.0707054575624915e-15,0,0.00031616678461432457,2.433289773762226e-05,6.704195402562618e-05,pseudo_huber
2,20260918,30,5,6,dispersed_subjects,10.0,100.0,12;10;22,3,0.6,Canonical(2),2.9751215106696005,positive_scale,1.5176164203097406,1.396626874142855,11.508624423650172,0.12135480512100064,True,1.7763568394002506e-16,,1,0.00031616678461432457,2.433289773762226e-05,5.733408033847809e-05,canonical_huber
3,20260918,30,5,6,clean,1.0,1.0,,0,0.0,Mean,,mean,0.19780929398016076,0.0,0.0,0.1978092939801607,True,0.0,0.0,0,0.0003476249985396862,0.0,2.691708505153656e-05,quadratic
3,20260918,30,5,6,clean,1.0,1.0,,0,0.0,MOM,,geometric_median,0.17965435899164148,0.0,0.0,0.1978092939801607,True,0.0,,0,0.0003476249985396862,0.0,6.820890121161938e-05,geometric_median
3,20260918,30,5,6,clean,1.0,1.0,,0,0.0,Adaptive(1),0.0147708729534419,positive_scale,0.18548493491268533,0.0,0.0,0.1978092939801607,True,4.163336342344337e-18,9.424789065572746e-16,0,0.0003476249985396862,5.3541967645287514e-05,0.00013204198330640793,pseudo_huber
3,20260918,30,5,6,clean,1.0,1.0,,0,0.0,Adaptive(2),0.0295417459068838,positive_scale,0.19121457221531005,0.0,0.0,0.1978092939801607,True,4.093947403305265e-17,1.3016091334956531e-15,0,0.0003476249985396862,5.3541967645287514e-05,8.49580392241478e-05,pseudo_huber
3,20260918,30,5,6,clean,1.0,1.0,,0,0.0,Adaptive(4),0.0590834918137676,positive_scale,0.19516807220802745,0.0,0.0,0.1978092939801607,True,2.997602166487923e-16,1.763593519318715e-15,0,0.0003476249985396862,5.3541967645287514e-05,7.691700011491776e-05,pseudo_huber
3,20260918,30,5,6,clean,1.0,1.0,,0,0.0,Adaptive(16),0.2363339672550704,positive_scale,0.19759285607689314,0.0,0.0,0.1978092939801607,True,6.938893903907228e-18,8.459124013693543e-18,0,0.0003476249985396862,5.3541967645287514e-05,7.308414205908775e-05,pseudo_huber
3,20260918,30,5,6,clean,1.0,1.0,,0,0.0,Canonical(2),0.0295417459068838,positive_scale,0.19122565477509515,0.0,0.0,0.1978092939801607,True,7.6190165287926e-13,,12,0.0003476249985396862,5.3541967645287514e-05,0.00019449996761977673,canonical_huber
3,20260918,30,5,6,one_block,3.0,9.0,12;21;6;23;8;20,6,0.2,Mean,,mean,0.550827119971774,0.35301782599161324,1.7846372073246426,0.1978092939801607,True,0.0,0.0,0,0.0003202080260962248,0.0,2.174987457692623e-05,quadratic
3,20260918,30,5,6,one_block,3.0,9.0,12;21;6;23;8;20,6,0.2,MOM,,geometric_median,0.17965435899164148,0.0,0.0,0.1978092939801607,True,0.0,,0,0.0003202080260962248,0.0,4.25002072006464e-05,geometric_median
3,20260918,30,5,6,one_block,3.0,9.0,12;21;6;23;8;20,6,0.2,Adaptive(1),0.0147708729534419,positive_scale,0.18637214486303383,0.0008872099503484943,0.0044851782871105994,0.1978092939801607,True,6.938893903907229e-19,1.299963803844434e-12,0,0.0003202080260962248,2.7167145162820816e-05,0.00013025011867284775,pseudo_huber
3,20260918,30,5,6,one_block,3.0,9.0,12;21;6;23;8;20,6,0.2,Adaptive(2),0.0295417459068838,positive_scale,0.19644370269311315,0.005229130477803101,0.02643521127135491,0.1978092939801607,True,1.2490009027033011e-17,2.9257846965616872e-12,0,0.0003202080260962248,2.7167145162820816e-05,0.00010895798914134502,pseudo_huber
3,20260918,30,5,6,one_block,3.0,9.0,12;21;6;23;8;20,6,0.2,Adaptive(4),0.0590834918137676,positive_scale,0.20926703389102133,0.014098961682993877,0.07127552704580167,0.1978092939801607,True,8.326672684688674e-18,2.4410417524185075e-13,0,0.0003202080260962248,2.7167145162820816e-05,9.645801037549973e-05,pseudo_huber
3,20260918,30,5,6,one_block,3.0,9.0,12;21;6;23;8;20,6,0.2,Adaptive(16),0.2363339672550704,positive_scale,0.25415643479257594,0.056563578715682794,0.2859500561250466,0.1978092939801607,True,2.886579864025407e-16,1.3536451359532672e-13,0,0.0003202080260962248,2.7167145162820816e-05,8.299993351101875e-05,pseudo_huber
3,20260918,30,5,6,one_block,3.0,9.0,12;21;6;23;8;20,6,0.2,Canonical(2),0.0295417459068838,positive_scale,0.1912694079215301,4.375314643495498e-05,0.00022118852736688504,0.1978092939801607,True,3.450628671686218e-13,,12,0.0003202080260962248,2.7167145162820816e-05,0.00018099998123943806,canonical_huber
3,20260918,30,5,6,one_block,10.0,100.0,12;21;6;23;8;20,6,0.2,Mean,,mean,4.566404890626375,4.368595596646214,22.084885440642456,0.1978092939801607,True,0.0,0.0,0,0.00029966607689857483,0.0,2.0791077986359596e-05,quadratic
3,20260918,30,5,6,one_block,10.0,100.0,12;21;6;23;8;20,6,0.2,MOM,,geometric_median,0.17965435899164148,0.0,0.0,0.1978092939801607,True,0.0,,0,0.00029966607689857483,0.0,3.895792178809643e-05,geometric_median
3,20260918,30,5,6,one_block,10.0,100.0,12;21;6;23;8;20,6,0.2,Adaptive(1),0.0147708729534419,positive_scale,0.18637253961365927,0.0008876047009739318,0.0044871738992352615,0.1978092939801607,True,1.0408340855860842e-18,3.3917211485660554e-09,0,0.00029966607689857483,2.474989742040634e-05,0.00013045803643763065,pseudo_huber
3,20260918,30,5,6,one_block,10.0,100.0,12;21;6;23;8;20,6,0.2,Adaptive(2),0.0295417459068838,positive_scale,0.196446385939671,0.005231813724360962,0.02644877608675802,0.1978092939801607,True,7.722988915048745e-16,3.145827805815476e-07,0,0.00029966607689857483,2.474989742040634e-05,0.00011199992150068283,pseudo_huber
3,20260918,30,5,6,one_block,10.0,100.0,12;21;6;23;8;20,6,0.2,Adaptive(4),0.0590834918137676,positive_scale,0.20928103679034485,0.014112964582317394,0.07134631694167441,0.1978092939801607,True,4.163336342344337e-18,2.1198474177501797e-10,0,0.00029966607689857483,2.474989742040634e-05,0.00010599987581372261,pseudo_huber
3,20260918,30,5,6,one_block,10.0,100.0,12;21;6;23;8;20,6,0.2,Adaptive(16),0.2363339672550704,positive_scale,0.25476927976098784,0.0571764236840947,0.28904821676290504,0.1978092939801607,True,1.9428902930940238e-17,1.5459752482433734e-11,0,0.00029966607689857483,2.474989742040634e-05,0.00010070810094475746,pseudo_huber
3,20260918,30,5,6,one_block,10.0,100.0,12;21;6;23;8;20,6,0.2,Canonical(2),0.0295417459068838,positive_scale,0.1912694079216915,4.3753146596353654e-05,0.00022118852818281572,0.1978092939801607,True,2.482236638456925e-13,,12,0.00029966607689857483,2.474989742040634e-05,0.0001846670638769865,canonical_huber
3,20260918,30,5,6,dispersed_subjects,3.0,9.0,12;10;22,3,0.6,Mean,,mean,0.3723111043940377,0.17450181041387694,0.8821719490661476,0.1978092939801607,True,0.0,0.0,0,0.0003086249344050884,0.0,1.9042054191231728e-05,quadratic
3,20260918,30,5,6,dispersed_subjects,3.0,9.0,12;10;22,3,0.6,MOM,,geometric_median,0.44451358253906287,0.2648592235474214,1.3389624836029468,0.1978092939801607,True,0.0,,0,0.0003086249344050884,0.0,3.933301195502281e-05,geometric_median
3,20260918,30,5,6,dispersed_subjects,3.0,9.0,12;10;22,3,0.6,Adaptive(1),0.11877774690908977,positive_scale,0.40458071155646025,0.21909577664377491,1.107611135125679,0.1978092939801607,True,8.326672684688674e-18,3.5704354322608077e-16,0,0.0003086249344050884,2.350006252527237e-05,9.066611528396606e-05,pseudo_huber
3,20260918,30,5,6,dispersed_subjects,3.0,9.0,12;10;22,3,0.6,Adaptive(2),0.23755549381817953,positive_scale,0.3828222426676021,0.19160767045229207,0.9686484724600927,0.1978092939801607,True,5.551115123125783e-18,4.1326783802954985e-17,0,0.0003086249344050884,2.350006252527237e-05,7.404200732707977e-05,pseudo_huber
3,20260918,30,5,6,dispersed_subjects,3.0,9.0,12;10;22,3,0.6,Adaptive(4),0.47511098763635906,positive_scale,0.37503599044692504,0.17986791823889758,0.9092996320837051,0.1978092939801607,True,0.0,0.0,0,0.0003086249344050884,2.350006252527237e-05,6.816606037318707e-05,pseudo_huber
3,20260918,30,5,6,dispersed_subjects,3.0,9.0,12;10;22,3,0.6,Adaptive(16),1.9004439505454362,positive_scale,0.37248187989458803,0.1748890238176949,0.8841294577151435,0.1978092939801607,True,3.3306690738754695e-17,3.552631773645016e-17,0,0.0003086249344050884,2.350006252527237e-05,6.287521682679653e-05,pseudo_huber
3,20260918,30,5,6,dispersed_subjects,3.0,9.0,12;10;22,3,0.6,Canonical(2),0.23755549381817953,positive_scale,0.3723111043940377,0.18108544961894255,0.915454708802027,0.1978092939801607,True,2.7755575615628914e-17,,2,0.0003086249344050884,2.350006252527237e-05,6.63751270622015e-05,canonical_huber
3,20260918,30,5,6,dispersed_subjects,10.0,100.0,12;10;22,3,0.6,Mean,,mean,2.3572691978518883,2.1594599038717277,10.916877869693579,0.1978092939801607,True,0.0,0.0,0,0.00029016705229878426,0.0,1.9666971638798714e-05,quadratic
3,20260918,30,5,6,dispersed_subjects,10.0,100.0,12;10;22,3,0.6,MOM,,geometric_median,2.9911194772617775,2.811465118270136,14.213008204519006,0.1978092939801607,True,0.0,,0,0.00029016705229878426,0.0,3.741588443517685e-05,geometric_median
3,20260918,30,5,6,dispersed_subjects,10.0,100.0,12;10;22,3,0.6,Adaptive(1),1.3745126502874405,positive_scale,2.645640535964717,2.4601556010520316,12.4370071372823,0.1978092939801607,True,8.881784197001253e-17,2.95320274526966e-15,0,0.00029016705229878426,2.3582950234413147e-05,8.574989624321461e-05,pseudo_huber
3,20260918,30,5,6,dispersed_subjects,10.0,100.0,12;10;22,3,0.6,Adaptive(2),2.749025300574881,positive_scale,2.450024237633758,2.2588096654184477,11.419128090336319,0.1978092939801607,True,1.5099033134902129e-15,9.196072400741015e-15,0,0.00029016705229878426,2.3582950234413147e-05,7.366714999079704e-05,pseudo_huber
3,20260918,30,5,6,dispersed_subjects,10.0,100.0,12;10;22,3,0.6,Adaptive(4),5.498050601149762,positive_scale,2.3814091269571156,2.1862410547490883,11.052266608708273,0.1978092939801607,True,0.0,0.0,0,0.00029016705229878426,2.3582950234413147e-05,6.816699169576168e-05,pseudo_huber
3,20260918,30,5,6,dispersed_subjects,10.0,100.0,12;10;22,3,0.6,Adaptive(16),21.99220240459905,positive_scale,2.3587885202969097,2.1611956642200165,10.925652787764228,0.1978092939801607,True,0.0,0.0,0,0.00029016705229878426,2.3582950234413147e-05,6.608385592699051e-05,pseudo_huber
3,20260918,30,5,6,dispersed_subjects,10.0,100.0,12;10;22,3,0.6,Canonical(2),2.749025300574881,positive_scale,2.3572691978518883,2.166043543076793,10.950160629429456,0.1978092939801607,True,8.881784197001253e-17,,2,0.00029016705229878426,2.3582950234413147e-05,6.958283483982086e-05,canonical_huber
4,20260918,30,5,6,clean,1.0,1.0,,0,0.0,Mean,,mean,0.0021647545349173535,0.0,0.0,0.0021647545349173535,True,0.0,0.0,0,0.0003066249191761017,0.0,1.9832979887723923e-05,quadratic
4,20260918,30,5,6,clean,1.0,1.0,,0,0.0,MOM,,geometric_median,0.0024408725091592336,0.0,0.0,0.0021647545349173535,True,0.0,,0,0.0003066249191761017,0.0,3.783288411796093e-05,geometric_median
4,20260918,30,5,6,clean,1.0,1.0,,0,0.0,Adaptive(1),0.00039744304028948305,positive_scale,0.0022930712404996717,0.0,0.0,0.0021647545349173535,True,9.75781955236954e-20,5.9186352627914385e-18,0,0.0003066249191761017,2.3999949917197227e-05,8.854200132191181e-05,pseudo_huber
4,20260918,30,5,6,clean,1.0,1.0,,0,0.0,Adaptive(2),0.0007948860805789661,positive_scale,0.002211116047339937,0.0,0.0,0.0021647545349173535,True,3.28426522089309e-16,3.250155051275012e-15,0,0.0003066249191761017,2.3999949917197227e-05,7.279193960130215e-05,pseudo_huber
4,20260918,30,5,6,clean,1.0,1.0,,0,0.0,Adaptive(4),0.0015897721611579322,positive_scale,0.0021778687711800394,0.0,0.0,0.0021647545349173535,True,1.8767973286593078e-15,4.9243913963894855e-15,0,0.0003066249191761017,2.3999949917197227e-05,6.699981167912483e-05,pseudo_huber
4,20260918,30,5,6,clean,1.0,1.0,,0,0.0,Adaptive(16),0.006359088644631729,positive_scale,0.002165613784412375,0.0,0.0,0.0021647545349173535,True,9.343871162914575e-16,1.014535978465738e-15,0,0.0003066249191761017,2.3999949917197227e-05,6.295787170529366e-05,pseudo_huber
4,20260918,30,5,6,clean,1.0,1.0,,0,0.0,Canonical(2),0.0007948860805789661,positive_scale,0.002175181998571007,0.0,0.0,0.0021647545349173535,True,4.2663550643695647e-13,,12,0.0003066249191761017,2.3999949917197227e-05,0.00017399992793798447,canonical_huber
4,20260918,30,5,6,one_block,3.0,9.0,12;21;6;23;8;20,6,0.2,Mean,,mean,0.0047166024402101265,0.002551847905292773,1.1788162880047728,0.0021647545349173535,True,0.0,0.0,0,0.0002945831511169672,0.0,2.033403143286705e-05,quadratic
4,20260918,30,5,6,one_block,3.0,9.0,12;21;6;23;8;20,6,0.2,MOM,,geometric_median,0.002621521073313883,0.00018064856415464948,0.08344990678656614,0.0021647545349173535,True,0.0,,0,0.0002945831511169672,0.0,3.88328917324543e-05,geometric_median
4,20260918,30,5,6,one_block,3.0,9.0,12;21;6;23;8;20,6,0.2,Adaptive(1),0.00021679447613483357,positive_scale,0.002631178850416446,0.00033810760991677445,0.1561875050788069,0.0021647545349173535,True,5.4210108624275225e-21,1.1763806460514736e-15,0,0.0002945831511169672,2.27498821914196e-05,0.00010349997319281101,pseudo_huber
4,20260918,30,5,6,one_block,3.0,9.0,12;21;6;23;8;20,6,0.2,Adaptive(2),0.00043358895226966714,positive_scale,0.0026410018521269563,0.0004298858047870192,0.1985840878737004,0.0021647545349173535,True,5.4210108624275225e-21,1.4723086094048334e-16,0,0.0002945831511169672,2.27498821914196e-05,9.375018998980522e-05,pseudo_huber
4,20260918,30,5,6,one_block,3.0,9.0,12;21;6;23;8;20,6,0.2,Adaptive(4),0.0008671779045393343,positive_scale,0.002680586304953729,0.0005027175337736895,0.2322284238997482,0.0021647545349173535,True,1.5720931501039814e-19,5.363721904663149e-16,0,0.0002945831511169672,2.27498821914196e-05,9.216717444360256e-05,pseudo_huber
4,20260918,30,5,6,one_block,3.0,9.0,12;21;6;23;8;20,6,0.2,Adaptive(16),0.003468711618157337,positive_scale,0.003198059103074698,0.001032445318662323,0.47693412902435145,0.0021647545349173535,True,1.235990476633475e-18,7.253916849999555e-17,0,0.0002945831511169672,2.27498821914196e-05,8.404208347201347e-05,pseudo_huber
4,20260918,30,5,6,one_block,3.0,9.0,12;21;6;23;8;20,6,0.2,Canonical(2),0.00043358895226966714,positive_scale,0.002633569710388318,0.00045838771181731103,0.21175043378985758,0.0021647545349173535,True,1.5137578690538333e-13,,8,0.0002945831511169672,2.27498821914196e-05,0.0001367088407278061,canonical_huber
4,20260918,30,5,6,one_block,10.0,100.0,12;21;6;23;8;20,6,0.2,Mean,,mean,0.03374387236291542,0.03157911782799807,14.587851564059065,0.0021647545349173535,True,0.0,0.0,0,0.00029174983501434326,0.0,2.0124949514865875e-05,quadratic
4,20260918,30,5,6,one_block,10.0,100.0,12;21;6;23;8;20,6,0.2,MOM,,geometric_median,0.002621521073313883,0.00018064856415464948,0.08344990678656614,0.0021647545349173535,True,0.0,,0,0.00029174983501434326,0.0,3.6667101085186005e-05,geometric_median
4,20260918,30,5,6,one_block,10.0,100.0,12;21;6;23;8;20,6,0.2,Adaptive(1),0.00021679447613483357,positive_scale,0.002631199281382935,0.0003381280408832634,0.15619694308489923,0.0021647545349173535,True,1.533441342654873e-16,5.9543308570830635e-08,0,0.00029174983501434326,2.2500054910779e-05,0.00010816706344485283,pseudo_huber
4,20260918,30,5,6,one_block,10.0,100.0,12;21;6;23;8;20,6,0.2,Adaptive(2),0.00043358895226966714,positive_scale,0.0026411184805058036,0.00043000243316586653,0.19863796390304514,0.0021647545349173535,True,8.673617379884036e-20,4.209977162423356e-12,0,0.00029174983501434326,2.2500054910779e-05,0.00010495795868337154,pseudo_huber
4,20260918,30,5,6,one_block,10.0,100.0,12;21;6;23;8;20,6,0.2,Adaptive(4),0.0008671779045393343,positive_scale,0.0026813767322019883,0.0005035079610219489,0.2325935587155021,0.0021647545349173535,True,3.794707603699265e-20,2.302409123458724e-13,0,0.00029174983501434326,2.2500054910779e-05,0.00010000006295740604,pseudo_huber
4,20260918,30,5,6,one_block,10.0,100.0,12;21;6;23;8;20,6,0.2,Adaptive(16),0.003468711618157337,positive_scale,0.0032419470586877463,0.0010763332742753711,0.4972080006828412,0.0021647545349173535,True,6.505213034913026e-20,6.171339007869084e-15,0,0.00029174983501434326,2.2500054910779e-05,9.183399379253387e-05,pseudo_huber
4,20260918,30,5,6,one_block,10.0,100.0,12;21;6;23;8;20,6,0.2,Canonical(2),0.00043358895226966714,positive_scale,0.002633569709387893,0.000458387710816886,0.21175043332771512,0.0021647545349173535,True,7.516307888588703e-13,,7,0.00029174983501434326,2.2500054910779e-05,0.00011904188431799412,canonical_huber
4,20260918,30,5,6,dispersed_subjects,3.0,9.0,12;10;22,3,0.6,Mean,,mean,0.0035523742141050064,0.0013876196791876528,0.6410055536576712,0.0021647545349173535,True,0.0,0.0,0,0.0003032921813428402,0.0,1.8541933968663216e-05,quadratic
4,20260918,30,5,6,dispersed_subjects,3.0,9.0,12;10;22,3,0.6,MOM,,geometric_median,0.00272265932834785,0.00028178681918861626,0.13017033323797814,0.0021647545349173535,True,0.0,,0,0.0003032921813428402,0.0,3.641704097390175e-05,geometric_median
4,20260918,30,5,6,dispersed_subjects,3.0,9.0,12;10;22,3,0.6,Adaptive(1),0.0013945007264909,positive_scale,0.003285781304646094,0.0009927100641464225,0.4585785816054763,0.0021647545349173535,True,9.497611030973018e-18,4.077883451003566e-16,0,0.0003032921813428402,2.3167114704847336e-05,8.683395572006702e-05,pseudo_huber
4,20260918,30,5,6,dispersed_subjects,3.0,9.0,12;10;22,3,0.6,Adaptive(2),0.0027890014529818,positive_scale,0.003469622653813247,0.0012585066064733099,0.5813622681803771,0.0021647545349173535,True,0.0,0.0,0,0.0003032921813428402,2.3167114704847336e-05,7.354211993515491e-05,pseudo_huber
4,20260918,30,5,6,dispersed_subjects,3.0,9.0,12;10;22,3,0.6,Adaptive(4),0.0055780029059636,positive_scale,0.0035306543708515568,0.0013527855996715173,0.6249140851081133,0.0021647545349173535,True,3.393986480748623e-16,7.548436691356413e-16,0,0.0003032921813428402,2.3167114704847336e-05,7.108296267688274e-05,pseudo_huber
4,20260918,30,5,6,dispersed_subjects,3.0,9.0,12;10;22,3,0.6,Adaptive(16),0.0223120116238544,positive_scale,0.0035509980167329216,0.0013853842323205464,0.6399728976077363,0.0021647545349173535,True,1.422906931169976e-16,1.5178238747802168e-16,0,0.0003032921813428402,2.3167114704847336e-05,6.174994632601738e-05,pseudo_huber
4,20260918,30,5,6,dispersed_subjects,3.0,9.0,12;10;22,3,0.6,Canonical(2),0.0027890014529818,positive_scale,0.0035523742141050064,0.0013771922155339992,0.6361886270798726,0.0021647545349173535,True,2.6020852139652105e-19,,2,0.0003032921813428402,2.3167114704847336e-05,6.637489423155785e-05,canonical_huber
4,20260918,30,5,6,dispersed_subjects,10.0,100.0,12;10;22,3,0.6,Mean,,mean,0.019336548064864564,0.01717179352994721,7.932443726513684,0.0021647545349173535,True,0.0,0.0,0,0.00028370809741318226,0.0,1.979200169444084e-05,quadratic
4,20260918,30,5,6,dispersed_subjects,10.0,100.0,12;10;22,3,0.6,MOM,,geometric_median,0.015550865486613835,0.0131099929774546,6.056110642565355,0.0021647545349173535,True,0.0,,0,0.00028370809741318226,0.0,3.60831618309021e-05,geometric_median
4,20260918,30,5,6,dispersed_subjects,10.0,100.0,12;10;22,3,0.6,Adaptive(1),0.014222706884756884,positive_scale,0.017740757095515074,0.015447685855015403,7.135998842291451,0.0021647545349173535,True,3.4694469519536144e-19,9.685113984621457e-18,0,0.00028370809741318226,2.2500054910779e-05,8.583394810557365e-05,pseudo_huber
4,20260918,30,5,6,dispersed_subjects,10.0,100.0,12;10;22,3,0.6,Adaptive(2),0.028445413769513768,positive_scale,0.018795117242804183,0.016584001195464246,7.660915326872104,0.0021647545349173535,True,3.4694469519536144e-19,1.8485565428349626e-18,0,0.00028370809741318226,2.2500054910779e-05,7.245899178087711e-05,pseudo_huber
4,20260918,30,5,6,dispersed_subjects,10.0,100.0,12;10;22,3,0.6,Adaptive(4),0.056890827539027536,positive_scale,0.019185917318473942,0.017008048547293902,7.856802363942497,0.0021647545349173535,True,6.265821195228227e-16,1.1656896670335466e-15,0,0.00028370809741318226,2.2500054910779e-05,6.633298471570015e-05,pseudo_huber
4,20260918,30,5,6,dispersed_subjects,10.0,100.0,12;10;22,3,0.6,Adaptive(16),0.22756331015611014,positive_scale,0.019326751830025274,0.0171611380456129,7.9275214666627685,0.0021647545349173535,True,1.3100631690576848e-15,1.3735269237165774e-15,0,0.00028370809741318226,2.2500054910779e-05,6.216601468622684e-05,pseudo_huber
4,20260918,30,5,6,dispersed_subjects,10.0,100.0,12;10;22,3,0.6,Canonical(2),0.028445413769513768,positive_scale,0.019336548064864564,0.017161366066293558,7.9276267999358865,0.0021647545349173535,True,0.0,,1,0.00028370809741318226,2.2500054910779e-05,5.3416937589645386e-05,canonical_huber
5,20260918,30,5,6,clean,1.0,1.0,,0,0.0,Mean,,mean,0.00123780168225034,0.0,0.0,0.00123780168225034,True,0.0,0.0,0,0.00031016720458865166,0.0,1.9208062440156937e-05,quadratic
5,20260918,30,5,6,clean,1.0,1.0,,0,0.0,MOM,,geometric_median,0.0013068824938126,0.0,0.0,0.00123780168225034,True,0.0,,0,0.00031016720458865166,0.0,3.924989141523838e-05,geometric_median
5,20260918,30,5,6,clean,1.0,1.0,,0,0.0,Adaptive(1),0.0002052002271528833,positive_scale,0.0012753560290706515,0.0,0.0,0.00123780168225034,True,3.5236570605778895e-20,1.5984010232272278e-18,0,0.00031016720458865166,2.49580480158329e-05,9.262491948902607e-05,pseudo_huber
5,20260918,30,5,6,clean,1.0,1.0,,0,0.0,Adaptive(2),0.0004104004543057666,positive_scale,0.0012560651917476683,0.0,0.0,0.00123780168225034,True,0.0,0.0,0,0.00031016720458865166,2.49580480158329e-05,6.933300755918026e-05,pseudo_huber
5,20260918,30,5,6,clean,1.0,1.0,,0,0.0,Adaptive(4),0.0008208009086115332,positive_scale,0.0012439480304122748,0.0,0.0,0.00123780168225034,True,1.2651717781059224e-15,2.8849724500195925e-15,0,0.00031016720458865166,2.49580480158329e-05,6.679096259176731e-05,pseudo_huber
5,20260918,30,5,6,clean,1.0,1.0,,0,0.0,Adaptive(16),0.003283203634446133,positive_scale,0.001238232295306338,0.0,0.0,0.00123780168225034,True,5.592341910734544e-16,5.98071573536038e-16,0,0.00031016720458865166,2.49580480158329e-05,6.216601468622684e-05,pseudo_huber
5,20260918,30,5,6,clean,1.0,1.0,,0,0.0,Canonical(2),0.0004104004543057666,positive_scale,0.0012409893337770265,0.0,0.0,0.00123780168225034,True,6.678544869909154e-13,,11,0.00031016720458865166,2.49580480158329e-05,0.00016229087486863136,canonical_huber
5,20260918,30,5,6,one_block,3.0,9.0,12;21;6;23;8;20,6,0.2,Mean,,mean,0.0036651944599286604,0.0024273927776783206,1.9610514450629024,0.00123780168225034,True,0.0,0.0,0,0.00028670812025666237,0.0,1.8875114619731903e-05,quadratic
5,20260918,30,5,6,one_block,3.0,9.0,12;21;6;23;8;20,6,0.2,MOM,,geometric_median,0.0013068824938126,0.0,0.0,0.00123780168225034,True,0.0,,0,0.00028670812025666237,0.0,3.550015389919281e-05,geometric_median
5,20260918,30,5,6,one_block,3.0,9.0,12;21;6;23;8;20,6,0.2,Adaptive(1),0.0002052002271528833,positive_scale,0.00130042820707298,2.5072178002328487e-05,0.02025540792346229,0.00123780168225034,True,4.2690460541616736e-20,1.0461677161183566e-14,0,0.00028670812025666237,2.2249994799494743e-05,0.00010241684503853321,pseudo_huber
5,20260918,30,5,6,one_block,3.0,9.0,12;21;6;23;8;20,6,0.2,Adaptive(2),0.0004104004543057666,positive_scale,0.0013230391308126132,6.697393906494485e-05,0.05410716435865989,0.00123780168225034,True,8.131516293641283e-21,2.493738378533147e-16,0,0.00028670812025666237,2.2249994799494743e-05,9.474996477365494e-05,pseudo_huber
5,20260918,30,5,6,one_block,3.0,9.0,12;21;6;23;8;20,6,0.2,Adaptive(4),0.0008208009086115332,positive_scale,0.001405412611153596,0.0001614645807413212,0.13044462861593178,0.00123780168225034,True,1.1365555848893982e-15,4.3769511216101295e-12,0,0.00028670812025666237,2.2249994799494743e-05,8.304114453494549e-05,pseudo_huber
5,20260918,30,5,6,one_block,3.0,9.0,12;21;6;23;8;20,6,0.2,Adaptive(16),0.003283203634446133,positive_scale,0.001988197365667788,0.00074996507036145,0.6058846753205275,0.00123780168225034,True,1.517883041479706e-19,9.982623703525602e-18,0,0.00028670812025666237,2.2249994799494743e-05,8.216709829866886e-05,pseudo_huber
5,20260918,30,5,6,one_block,3.0,9.0,12;21;6;23;8;20,6,0.2,Canonical(2),0.0004104004543057666,positive_scale,0.0012857457671584323,4.475643338140581e-05,0.03615800012489725,0.00123780168225034,True,2.89929408606171e-13,,12,0.00028670812025666237,2.2249994799494743e-05,0.00017737504094839096,canonical_huber
5,20260918,30,5,6,one_block,10.0,100.0,12;21;6;23;8;20,6,0.2,Mean,,mean,0.03127678730601955,0.03003898562376921,24.268011632653412,0.00123780168225034,True,0.0,0.0,0,0.0002996248658746481,0.0,1.9666040316224098e-05,quadratic
5,20260918,30,5,6,one_block,10.0,100.0,12;21;6;23;8;20,6,0.2,MOM,,geometric_median,0.0013068824938126,0.0,0.0,0.00123780168225034,True,0.0,,0,0.0002996248658746481,0.0,3.5874778404831886e-05,geometric_median
5,20260918,30,5,6,one_block,10.0,100.0,12;21;6;23;8;20,6,0.2,Adaptive(1),0.0002052002271528833,positive_scale,0.0013004425445550328,2.508651548438121e-05,0.02026699094379448,0.00123780168225034,True,6.651075496562006e-16,2.644873003243808e-07,0,0.0002996248658746481,2.2207852452993393e-05,0.00011458294466137886,pseudo_huber
5,20260918,30,5,6,one_block,10.0,100.0,12;21;6;23;8;20,6,0.2,Adaptive(2),0.0004104004543057666,positive_scale,0.0013231196516722491,6.705445992458083e-05,0.054172215861489965,0.00123780168225034,True,2.774297176537377e-16,1.379048540676596e-08,0,0.0002996248658746481,2.2207852452993393e-05,0.00010129204019904137,pseudo_huber
5,20260918,30,5,6,one_block,10.0,100.0,12;21;6;23;8;20,6,0.2,Adaptive(4),0.0008208009086115332,positive_scale,0.001405959917010324,0.0001620118865980492,0.13088678818363653,0.00123780168225034,True,0.0,0.0,0,0.0002996248658746481,2.2207852452993393e-05,9.50000248849392e-05,pseudo_huber
5,20260918,30,5,6,one_block,10.0,100.0,12;21;6;23;8;20,6,0.2,Adaptive(16),0.003283203634446133,positive_scale,0.0020218827681781106,0.0007836504728717727,0.6330985682997987,0.00123780168225034,True,4.336808689942018e-20,4.2133775831293216e-15,0,0.0002996248658746481,2.2207852452993393e-05,9.08339861780405e-05,pseudo_huber
5,20260918,30,5,6,one_block,10.0,100.0,12;21;6;23;8;20,6,0.2,Canonical(2),0.0004104004543057666,positive_scale,0.0012857457682327773,4.475643445575085e-05,0.03615800099284326,0.00123780168225034,True,9.34536432614652e-13,,11,0.0002996248658746481,2.2207852452993393e-05,0.00016616610810160637,canonical_huber
5,20260918,30,5,6,dispersed_subjects,3.0,9.0,12;10;22,3,0.6,Mean,,mean,0.0022023827381054068,0.0009645810558550668,0.7792694659304757,0.00123780168225034,True,0.0,0.0,0,0.000298250000923872,0.0,2.0083971321582794e-05,quadratic
5,20260918,30,5,6,dispersed_subjects,3.0,9.0,12;10;22,3,0.6,MOM,,geometric_median,0.002220743318814117,0.0009138608250015168,0.7382934100882023,0.00123780168225034,True,0.0,,0,0.000298250000923872,0.0,3.733299672603607e-05,geometric_median
5,20260918,30,5,6,dispersed_subjects,3.0,9.0,12;10;22,3,0.6,Adaptive(1),0.0009138608250015168,positive_scale,0.002164721824499333,0.0008893657954286815,0.7185042710652991,0.00123780168225034,True,2.38524477946811e-19,1.0148624191093853e-17,0,0.000298250000923872,2.3416941985487938e-05,8.854200132191181e-05,pseudo_huber
5,20260918,30,5,6,dispersed_subjects,3.0,9.0,12;10;22,3,0.6,Adaptive(2),0.0018277216500030336,positive_scale,0.0021760310189646065,0.0009199658272169382,0.7432255428385168,0.00123780168225034,True,8.673617379884036e-20,6.417140293539612e-19,0,0.000298250000923872,2.3416941985487938e-05,7.49579630792141e-05,pseudo_huber
5,20260918,30,5,6,dispersed_subjects,3.0,9.0,12;10;22,3,0.6,Adaptive(4),0.0036554433000060673,positive_scale,0.0021928391587060334,0.0009488911282937585,0.7665938267014324,0.00123780168225034,True,1.407511260320682e-16,3.1176462433803843e-16,0,0.000298250000923872,2.3416941985487938e-05,7.266690954566002e-05,pseudo_huber
5,20260918,30,5,6,dispersed_subjects,3.0,9.0,12;10;22,3,0.6,Adaptive(16),0.014621773200024269,positive_scale,0.0022017016516718904,0.0009634693563655525,0.7783713418565988,0.00123780168225034,True,2.1551770784666857e-16,2.2979856892722876e-16,0,0.000298250000923872,2.3416941985487938e-05,6.516696885228157e-05,pseudo_huber
5,20260918,30,5,6,dispersed_subjects,3.0,9.0,12;10;22,3,0.6,Canonical(2),0.0018277216500030336,positive_scale,0.0022023827381054068,0.0009613934043283803,0.7766942137132616,0.00123780168225034,True,4.336808689942018e-20,,1,0.000298250000923872,2.3416941985487938e-05,5.629099905490875e-05,canonical_huber
5,20260918,30,5,6,dispersed_subjects,10.0,100.0,12;10;22,3,0.6,Mean,,mean,0.01317449224845679,0.01193669056620645,9.643459640889635,0.00123780168225034,True,0.0,0.0,0,0.00030095805414021015,0.0,1.991703175008297e-05,quadratic
5,20260918,30,5,6,dispersed_subjects,10.0,100.0,12;10;22,3,0.6,MOM,,geometric_median,0.014950062787070416,0.013643180293257815,11.022105147291715,0.00123780168225034,True,0.0,,0,0.00030095805414021015,0.0,3.704102709889412e-05,geometric_median
5,20260918,30,5,6,dispersed_subjects,10.0,100.0,12;10;22,3,0.6,Adaptive(1),0.013643180293257815,positive_scale,0.012852495928491477,0.011577139899420824,9.352984460623313,0.00123780168225034,True,3.4694469519536144e-19,4.8240625481796546e-18,0,0.00030095805414021015,2.266606315970421e-05,8.129212073981762e-05,pseudo_huber
5,20260918,30,5,6,dispersed_subjects,10.0,100.0,12;10;22,3,0.6,Adaptive(2),0.02728636058651563,positive_scale,0.012988266342246209,0.01173220115049854,9.47825594255878,0.00123780168225034,True,6.938893903907229e-19,2.2574275131455343e-18,0,0.00030095805414021015,2.266606315970421e-05,7.487507537007332e-05,pseudo_huber
5,20260918,30,5,6,dispersed_subjects,10.0,100.0,12;10;22,3,0.6,Adaptive(4),0.05457272117303126,positive_scale,0.013115543181592153,0.011871595151179878,9.590870105780725,0.00123780168225034,True,1.4224732503009817e-17,2.1057413980762736e-17,0,0.00030095805414021015,2.266606315970421e-05,7.075001485645771e-05,pseudo_huber
5,20260918,30,5,6,dispersed_subjects,10.0,100.0,12;10;22,3,0.6,Adaptive(16),0.21829088469212504,positive_scale,0.013170512365193933,0.011932280069887596,9.639896472102503,0.00123780168225034,True,1.2732870313669765e-16,1.3091324062640728e-16,0,0.00030095805414021015,2.266606315970421e-05,6.312504410743713e-05,pseudo_huber
5,20260918,30,5,6,dispersed_subjects,10.0,100.0,12;10;22,3,0.6,Canonical(2),0.02728636058651563,positive_scale,0.01317449224845679,0.011933502914679763,9.64088438867242,0.00123780168225034,True,3.4694469519536144e-19,,1,0.00030095805414021015,2.266606315970421e-05,5.441601388156414e-05,canonical_huber
6,20260918,30,5,6,clean,1.0,1.0,,0,0.0,Mean,,mean,0.004290668410252227,0.0,0.0,0.004290668410252228,True,0.0,0.0,0,0.0003132089041173458,0.0,2.037500962615013e-05,quadratic
6,20260918,30,5,6,clean,1.0,1.0,,0,0.0,MOM,,geometric_median,0.0030246294148081,0.0,0.0,0.004290668410252228,True,0.0,,0,0.0003132089041173458,0.0,3.7582824006676674e-05,geometric_median
6,20260918,30,5,6,clean,1.0,1.0,,0,0.0,Adaptive(1),0.0023736691178172665,positive_scale,0.0035865430888136454,0.0,0.0,0.004290668410252228,True,6.565928356572215e-17,4.611416345388089e-15,0,0.0003132089041173458,2.374988980591297e-05,8.937506936490536e-05,pseudo_huber
6,20260918,30,5,6,clean,1.0,1.0,,0,0.0,Adaptive(2),0.004747338235634533,positive_scale,0.003936060433812658,0.0,0.0,0.004290668410252228,True,3.863229181000349e-16,4.326539205457992e-15,0,0.0003132089041173458,2.374988980591297e-05,8.200015872716904e-05,pseudo_huber
6,20260918,30,5,6,clean,1.0,1.0,,0,0.0,Adaptive(4),0.009494676471269066,positive_scale,0.004163510896043908,0.0,0.0,0.004290668410252228,True,1.7347234759768072e-19,4.911733830393902e-19,0,0.0003132089041173458,2.374988980591297e-05,7.545808330178261e-05,pseudo_huber
6,20260918,30,5,6,clean,1.0,1.0,,0,0.0,Adaptive(16),0.037978705885076264,positive_scale,0.0042814266835351136,0.0,0.0,0.004290668410252228,True,1.7347234759768072e-19,1.900105645718281e-19,0,0.0003132089041173458,2.374988980591297e-05,7.266714237630367e-05,pseudo_huber
6,20260918,30,5,6,clean,1.0,1.0,,0,0.0,Canonical(2),0.004747338235634533,positive_scale,0.004012086318887191,0.0,0.0,0.004290668410252228,True,2.220005429487415e-13,,12,0.0003132089041173458,2.374988980591297e-05,0.00018474995158612728,canonical_huber
6,20260918,30,5,6,one_block,3.0,9.0,12;21;6;23;8;20,6,0.2,Mean,,mean,0.009130075473945187,0.004839407063692959,1.1278911817397872,0.004290668410252228,True,0.0,0.0,0,0.0002923749852925539,0.0,2.091703936457634e-05,quadratic
6,20260918,30,5,6,one_block,3.0,9.0,12;21;6;23;8;20,6,0.2,MOM,,geometric_median,0.006188039792833333,0.0031634103780252333,0.7372768239248,0.004290668410252228,True,0.0,,0,0.0002923749852925539,0.0,3.737513907253742e-05,geometric_median
6,20260918,30,5,6,one_block,3.0,9.0,12;21;6;23;8;20,6,0.2,Adaptive(1),0.0047506622564413665,positive_scale,0.006530354316053897,0.0029438112272402515,0.6860961849688121,0.004290668410252228,True,1.3660947373317356e-17,2.5056839123000847e-15,0,0.0002923749852925539,2.308306284248829e-05,8.587492629885674e-05,pseudo_huber
6,20260918,30,5,6,one_block,3.0,9.0,12;21;6;23;8;20,6,0.2,Adaptive(2),0.009501324512882733,positive_scale,0.007224882432502255,0.003288821998689597,0.7665057478762994,0.004290668410252228,True,2.168404344971009e-19,5.6804727694924145e-18,0,0.0002923749852925539,2.308306284248829e-05,7.933308370411396e-05,pseudo_huber
6,20260918,30,5,6,one_block,3.0,9.0,12;21;6;23;8;20,6,0.2,Adaptive(4),0.019002649025765466,positive_scale,0.00819950772305535,0.004035996827011442,0.9406452424446812,0.004290668410252228,True,6.192962809237202e-17,3.1460494487991444e-16,0,0.0002923749852925539,2.308306284248829e-05,7.358402945101261e-05,pseudo_huber
6,20260918,30,5,6,one_block,3.0,9.0,12;21;6;23;8;20,6,0.2,Adaptive(16),0.07601059610306186,positive_scale,0.009048558187364927,0.004767131503829814,1.1110463564229558,0.004290668410252228,True,4.336808689942018e-19,5.155531932761709e-19,0,0.0002923749852925539,2.308306284248829e-05,7.062498480081558e-05,pseudo_huber
6,20260918,30,5,6,one_block,3.0,9.0,12;21;6;23;8;20,6,0.2,Canonical(2),0.009501324512882733,positive_scale,0.006982509286144364,0.002970422967257173,0.6922984214206747,0.004290668410252228,True,9.516620130822774e-13,,9,0.0002923749852925539,2.308306284248829e-05,0.00014445814304053783,canonical_huber
6,20260918,30,5,6,one_block,10.0,100.0,12;21;6;23;8;20,6,0.2,Mean,,mean,0.0641783308234526,0.05988766241320038,13.957653374029867,0.004290668410252228,True,0.0,0.0,0,0.0003115828149020672,0.0,2.045789733529091e-05,quadratic
6,20260918,30,5,6,one_block,10.0,100.0,12;21;6;23;8;20,6,0.2,MOM,,geometric_median,0.006188039792833333,0.0031634103780252333,0.7372768239248,0.004290668410252228,True,0.0,,0,0.0003115828149020672,0.0,3.991718403995037e-05,geometric_median
6,20260918,30,5,6,one_block,10.0,100.0,12;21;6;23;8;20,6,0.2,Adaptive(1),0.0047506622564413665,positive_scale,0.006588573496183826,0.0030020304073701807,0.6996649753211075,0.004290668410252228,True,1.8431436932253575e-18,4.727891904089981e-13,0,0.0003115828149020672,2.5625107809901237e-05,0.00010779197327792645,pseudo_huber
6,20260918,30,5,6,one_block,10.0,100.0,12;21;6;23;8;20,6,0.2,Adaptive(2),0.009501324512882733,positive_scale,0.007528240081137471,0.0035921796473248136,0.8372074706918791,0.004290668410252228,True,4.336808689942018e-20,1.3921067203288545e-15,0,0.0003115828149020672,2.5625107809901237e-05,9.68750100582838e-05,pseudo_huber
6,20260918,30,5,6,one_block,10.0,100.0,12;21;6;23;8;20,6,0.2,Adaptive(4),0.019002649025765466,positive_scale,0.009762005226761034,0.005598494330717126,1.3048070359713528,0.004290668410252228,True,4.163336342344337e-18,1.6779763042375504e-14,0,0.0003115828149020672,2.5625107809901237e-05,8.920906111598015e-05,pseudo_huber
6,20260918,30,5,6,one_block,10.0,100.0,12;21;6;23;8;20,6,0.2,Adaptive(16),0.07601059610306186,positive_scale,0.023565743630508614,0.019284316946973502,4.494478506168196,0.004290668410252228,True,1.3877787807814458e-18,9.527278998141074e-17,0,0.0003115828149020672,2.5625107809901237e-05,8.112494833767414e-05,pseudo_huber
6,20260918,30,5,6,one_block,10.0,100.0,12;21;6;23;8;20,6,0.2,Canonical(2),0.009501324512882733,positive_scale,0.006982509287308384,0.0029704229684211934,0.6922984216919658,0.004290668410252228,True,2.0445797832557845e-14,,5,0.0003115828149020672,2.5625107809901237e-05,0.00010108388960361481,canonical_huber
6,20260918,30,5,6,dispersed_subjects,3.0,9.0,12;10;22,3,0.6,Mean,,mean,0.00656248758008324,0.0022718191698310125,0.529479081721317,0.004290668410252228,True,0.0,0.0,0,0.00029487512074410915,0.0,1.954101026058197e-05,quadratic
6,20260918,30,5,6,dispersed_subjects,3.0,9.0,12;10;22,3,0.6,MOM,,geometric_median,0.005923420174451299,0.0028987907596431995,0.675603538301109,0.004290668410252228,True,0.0,,0,0.00029487512074410915,0.0,3.674998879432678e-05,geometric_median
6,20260918,30,5,6,dispersed_subjects,3.0,9.0,12;10;22,3,0.6,Adaptive(1),0.0007779230144874666,positive_scale,0.00578787638598132,0.0022013332971676743,0.5130513679192162,0.004290668410252228,True,7.35089072945172e-18,4.54190171469772e-14,0,0.00029487512074410915,2.2625084966421127e-05,9.425007738173008e-05,pseudo_huber
6,20260918,30,5,6,dispersed_subjects,3.0,9.0,12;10;22,3,0.6,Adaptive(2),0.0015558460289749332,positive_scale,0.005778099099244247,0.001842038665431589,0.42931275253761786,0.004290668410252228,True,2.0599841277224583e-19,1.6123154127127457e-16,0,0.00029487512074410915,2.2625084966421127e-05,8.874991908669472e-05,pseudo_huber
6,20260918,30,5,6,dispersed_subjects,3.0,9.0,12;10;22,3,0.6,Adaptive(4),0.0031116920579498664,positive_scale,0.005848412346837882,0.0016849014507939741,0.39268973728382955,0.004290668410252228,True,3.982274579539258e-17,4.104322317353992e-15,0,0.00029487512074410915,2.2625084966421127e-05,7.762503810226917e-05,pseudo_huber
6,20260918,30,5,6,dispersed_subjects,3.0,9.0,12;10;22,3,0.6,Adaptive(16),0.012446768231799465,positive_scale,0.006368882454848957,0.0020874557713138437,0.4865106253202941,0.004290668410252228,True,6.884683795282953e-19,2.419330688144462e-18,0,0.00029487512074410915,2.2625084966421127e-05,7.204106077551842e-05,pseudo_huber
6,20260918,30,5,6,dispersed_subjects,3.0,9.0,12;10;22,3,0.6,Canonical(2),0.0015558460289749332,positive_scale,0.0057523190428001685,0.0017402327239129777,0.40558546070696655,0.004290668410252228,True,2.304080971154976e-13,,10,0.00029487512074410915,2.2625084966421127e-05,0.00015900004655122757,canonical_huber
6,20260918,30,5,6,dispersed_subjects,10.0,100.0,12;10;22,3,0.6,Mean,,mean,0.032404430636911015,0.02811376222665879,6.552303636301299,0.004290668410252228,True,0.0,0.0,0,0.0003077499568462372,0.0,1.9415980204939842e-05,quadratic
6,20260918,30,5,6,dispersed_subjects,10.0,100.0,12;10;22,3,0.6,MOM,,geometric_median,0.0388971650653927,0.035872535650584604,8.360593786476226,0.004290668410252228,True,0.0,,0,0.0003077499568462372,0.0,3.837374970316887e-05,geometric_median
6,20260918,30,5,6,dispersed_subjects,10.0,100.0,12;10;22,3,0.6,Adaptive(1),0.0300634650858517,positive_scale,0.03290735085856869,0.029320807769755045,6.833622402443216,0.004290668410252228,True,0.0,0.0,0,0.0003077499568462372,2.3082830011844635e-05,8.087512105703354e-05,pseudo_huber
6,20260918,30,5,6,dispersed_subjects,10.0,100.0,12;10;22,3,0.6,Adaptive(2),0.0601269301717034,positive_scale,0.03242028673397634,0.02848422630016368,6.638645445568055,0.004290668410252228,True,7.702172233337023e-17,2.6703389786430776e-16,0,0.0003077499568462372,2.3082830011844635e-05,7.049995474517345e-05,pseudo_huber
6,20260918,30,5,6,dispersed_subjects,10.0,100.0,12;10;22,3,0.6,Adaptive(4),0.1202538603434068,positive_scale,0.0323938773728749,0.02823036647683099,6.579479879959184,0.004290668410252228,True,6.938893903907229e-19,1.0555293910932432e-18,0,0.0003077499568462372,2.3082830011844635e-05,6.812508217990398e-05,pseudo_huber
6,20260918,30,5,6,dispersed_subjects,10.0,100.0,12;10;22,3,0.6,Adaptive(16),0.4810154413736272,positive_scale,0.032403413247910136,0.02812198656437502,6.554220432690547,0.004290668410252228,True,1.1796119636642288e-17,1.2154755423673733e-17,0,0.0003077499568462372,2.3082830011844635e-05,6.337510421872139e-05,pseudo_huber
6,20260918,30,5,6,dispersed_subjects,10.0,100.0,12;10;22,3,0.6,Canonical(2),0.0601269301717034,positive_scale,0.032404430636911015,0.028392344318023822,6.617231070614187,0.004290668410252228,True,1.3877787807814458e-18,,1,0.0003077499568462372,2.3082830011844635e-05,5.320901982486248e-05,canonical_huber
